latitude,longitude,bright_ti4,scan,track,acq_date,acq_time,satellite,instrument,confidence,version,bright_ti5,frp,daynight,type
30.63748,95.81316,333.33,0.46,0.39,2024-10-01,626,N,VIIRS,n,2,301.38,3.89,D,0
30.73304,96.85082,338.36,0.42,0.38,2024-10-01,626,N,VIIRS,n,2,295.73,4.83,D,0
36.04017,97.82171,338.13,0.38,0.36,2024-10-01,628,N,VIIRS,n,2,295.28,6.7,D,0
36.0444,97.80489,341.64,0.38,0.36,2024-10-01,628,N,VIIRS,n,2,297.89,4.78,D,0
36.08913,97.76399,331.59,0.38,0.36,2024-10-01,628,N,VIIRS,n,2,299.04,2.79,D,0
36.09867,97.84921,334.13,0.38,0.36,2024-10-01,628,N,VIIRS,n,2,297.83,2.33,D,0
36.37913,95.15365,343.9,0.42,0.37,2024-10-01,628,N,VIIRS,n,2,306.71,3.97,D,0
36.37993,95.1582,340.01,0.41,0.37,2024-10-01,628,N,VIIRS,n,2,306.2,1.68,D,0
39.76969,98.74587,332.46,0.41,0.37,2024-10-01,629,N,VIIRS,n,2,299.51,2.41,D,0
39.79198,97.88992,335.65,0.39,0.36,2024-10-01,629,N,VIIRS,n,2,299.19,3.3,D,2
39.80806,98.30411,332.61,0.4,0.37,2024-10-01,629,N,VIIRS,n,2,299.3,0.98,D,2
39.81015,98.29405,333.48,0.4,0.37,2024-10-01,629,N,VIIRS,n,2,300.05,4.76,D,2
8.0039,80.34915,341.18,0.39,0.36,2024-10-01,801,N,VIIRS,n,2,300.45,7.28,D,0
8.01127,81.0553,333.82,0.4,0.37,2024-10-01,801,N,VIIRS,n,2,300.45,2.45,D,0
8.01347,80.18589,333.36,0.39,0.36,2024-10-01,801,N,VIIRS,n,2,298.75,4.44,D,0
8.0179,80.98357,347.95,0.4,0.37,2024-10-01,801,N,VIIRS,n,2,304.71,20.88,D,0
8.01844,80.9872,335.74,0.4,0.37,2024-10-01,801,N,VIIRS,n,2,300.72,8.06,D,0
8.02225,80.19892,333.96,0.39,0.36,2024-10-01,801,N,VIIRS,n,2,302.54,3.06,D,0
8.02444,80.19773,335.95,0.39,0.36,2024-10-01,801,N,VIIRS,n,2,303.68,5.69,D,0
8.03108,81.04863,340.02,0.4,0.37,2024-10-01,801,N,VIIRS,n,2,302.51,8.81,D,0
8.05485,80.40202,335.03,0.39,0.36,2024-10-01,801,N,VIIRS,n,2,301.62,5.81,D,0
8.06147,81.08482,341.03,0.4,0.37,2024-10-01,801,N,VIIRS,n,2,304.33,5.05,D,0
8.08027,80.65324,339.18,0.39,0.37,2024-10-01,801,N,VIIRS,n,2,300.68,2.99,D,0
8.08601,79.9058,334.37,0.39,0.36,2024-10-01,801,N,VIIRS,n,2,300.03,2.34,D,0
8.10836,80.09899,342.81,0.39,0.36,2024-10-01,801,N,VIIRS,n,2,300.85,6.27,D,0
8.11382,80.04793,332.23,0.39,0.36,2024-10-01,801,N,VIIRS,n,2,295.9,1.76,D,0
8.11958,80.08645,332.93,0.39,0.36,2024-10-01,801,N,VIIRS,n,2,299.24,1.59,D,0
8.12164,81.32869,335.03,0.41,0.37,2024-10-01,801,N,VIIRS,n,2,297.4,5.08,D,0
8.12781,80.09595,332.79,0.39,0.36,2024-10-01,801,N,VIIRS,n,2,302.33,3.8,D,0
8.13114,80.09544,334.93,0.39,0.36,2024-10-01,801,N,VIIRS,n,2,303.0,5.75,D,0
8.1329,80.30729,336.89,0.39,0.36,2024-10-01,801,N,VIIRS,n,2,301.36,4.33,D,0
8.14865,80.0534,343.31,0.39,0.36,2024-10-01,801,N,VIIRS,n,2,301.84,9.47,D,0
8.16309,80.44002,330.78,0.39,0.36,2024-10-01,801,N,VIIRS,l,2,304.44,3.39,D,0
8.19248,80.39214,337.06,0.39,0.36,2024-10-01,801,N,VIIRS,n,2,301.76,3.55,D,0
8.25701,80.32101,335.07,0.39,0.36,2024-10-01,801,N,VIIRS,n,2,302.78,3.42,D,0
8.25892,80.31995,331.89,0.39,0.36,2024-10-01,801,N,VIIRS,l,2,302.74,3.99,D,0
8.26011,80.43273,330.9,0.39,0.36,2024-10-01,801,N,VIIRS,n,2,300.33,2.5,D,0
8.26017,80.50169,340.4,0.39,0.36,2024-10-01,801,N,VIIRS,n,2,302.89,6.12,D,0
8.26209,80.46871,349.32,0.39,0.36,2024-10-01,801,N,VIIRS,n,2,303.01,13.48,D,0
8.26634,80.49712,330.04,0.39,0.36,2024-10-01,801,N,VIIRS,l,2,301.67,4.14,D,0
8.28319,80.2766,330.67,0.39,0.36,2024-10-01,801,N,VIIRS,n,2,298.54,2.69,D,0
8.28381,80.63674,337.86,0.4,0.37,2024-10-01,801,N,VIIRS,n,2,300.67,4.02,D,0
8.28846,80.31189,332.51,0.39,0.36,2024-10-01,801,N,VIIRS,n,2,301.01,3.29,D,0
8.29021,80.16392,345.3,0.39,0.36,2024-10-01,801,N,VIIRS,n,2,301.13,6.57,D,0
8.29303,80.29676,330.46,0.39,0.36,2024-10-01,801,N,VIIRS,n,2,299.33,3.34,D,0
8.29655,80.27458,332.33,0.39,0.36,2024-10-01,801,N,VIIRS,n,2,299.25,2.19,D,0
8.29838,80.58636,332.01,0.39,0.37,2024-10-01,801,N,VIIRS,n,2,301.42,2.96,D,0
8.31165,80.26149,336.22,0.39,0.36,2024-10-01,801,N,VIIRS,n,2,300.8,3.97,D,0
8.31216,80.60989,338.08,0.39,0.37,2024-10-01,801,N,VIIRS,n,2,302.95,4.09,D,0
8.31925,80.49574,331.44,0.39,0.36,2024-10-01,801,N,VIIRS,n,2,299.36,2.63,D,0
8.3348,81.02512,335.96,0.4,0.37,2024-10-01,801,N,VIIRS,n,2,301.89,2.44,D,0
8.34094,80.20663,330.53,0.39,0.36,2024-10-01,801,N,VIIRS,n,2,299.2,2.22,D,0
8.34147,80.21015,330.92,0.39,0.36,2024-10-01,801,N,VIIRS,n,2,299.89,2.22,D,0
8.34169,80.25697,335.22,0.39,0.36,2024-10-01,801,N,VIIRS,n,2,301.2,4.38,D,0
8.34428,80.20612,331.19,0.39,0.36,2024-10-01,801,N,VIIRS,n,2,300.65,5.53,D,0
8.35538,80.23992,333.02,0.39,0.36,2024-10-01,801,N,VIIRS,n,2,300.43,3.61,D,0
8.36474,80.45621,332.37,0.39,0.36,2024-10-01,801,N,VIIRS,l,2,302.96,4.06,D,0
8.37548,81.27581,337.73,0.41,0.37,2024-10-01,801,N,VIIRS,n,2,300.25,4.08,D,0
8.38436,80.15992,337.04,0.39,0.36,2024-10-01,801,N,VIIRS,n,2,299.04,2.58,D,0
8.39589,80.44375,330.65,0.39,0.36,2024-10-01,801,N,VIIRS,n,2,295.72,2.19,D,0
8.39924,80.44325,337.2,0.39,0.36,2024-10-01,801,N,VIIRS,n,2,301.37,5.31,D,0
8.39996,80.78421,339.36,0.4,0.37,2024-10-01,801,N,VIIRS,n,2,303.05,5.46,D,0
8.4255,80.57417,335.16,0.39,0.37,2024-10-01,801,N,VIIRS,n,2,303.54,5.18,D,0
8.43362,80.60587,336.87,0.4,0.37,2024-10-01,801,N,VIIRS,n,2,299.93,2.56,D,0
8.46161,80.37943,340.14,0.39,0.36,2024-10-01,801,N,VIIRS,n,2,302.98,5.86,D,0
8.49402,80.23994,337.12,0.39,0.36,2024-10-01,801,N,VIIRS,n,2,299.95,3.94,D,0
8.50079,80.4929,343.17,0.39,0.36,2024-10-01,801,N,VIIRS,n,2,307.18,5.16,D,0
8.50414,80.49239,338.37,0.39,0.36,2024-10-01,801,N,VIIRS,n,2,304.29,5.16,D,0
8.55574,80.74891,345.43,0.4,0.37,2024-10-01,801,N,VIIRS,n,2,300.48,6.5,D,0
8.55801,80.53175,337.42,0.39,0.37,2024-10-01,801,N,VIIRS,n,2,304.84,5.38,D,0
8.60823,80.37135,338.2,0.39,0.36,2024-10-01,801,N,VIIRS,n,2,301.02,4.75,D,0
8.66549,81.04612,331.47,0.41,0.37,2024-10-01,801,N,VIIRS,n,2,301.24,5.14,D,0
8.86583,80.98625,336.02,0.41,0.37,2024-10-01,802,N,VIIRS,n,2,298.61,2.42,D,0
8.87766,78.11146,331.94,0.39,0.37,2024-10-01,802,N,VIIRS,n,2,300.87,1.36,D,0
8.88319,80.55912,333.87,0.4,0.37,2024-10-01,802,N,VIIRS,n,2,298.65,3.28,D,0
8.94375,80.82805,340.13,0.4,0.37,2024-10-01,802,N,VIIRS,n,2,298.55,6.1,D,0
8.94986,80.84583,336.38,0.4,0.37,2024-10-01,802,N,VIIRS,n,2,298.67,4.06,D,0
9.01126,80.50988,338.83,0.4,0.37,2024-10-01,802,N,VIIRS,n,2,299.18,8.27,D,0
9.01195,80.4914,332.98,0.4,0.37,2024-10-01,802,N,VIIRS,n,2,294.77,2.28,D,0
9.02091,80.57465,330.29,0.4,0.37,2024-10-01,802,N,VIIRS,l,2,302.41,2.47,D,0
9.06225,80.49445,348.32,0.4,0.37,2024-10-01,802,N,VIIRS,n,2,300.17,5.96,D,0
9.19817,77.99376,334.21,0.4,0.37,2024-10-01,802,N,VIIRS,n,2,298.54,4.51,D,0
9.96143,77.88541,332.35,0.39,0.37,2024-10-01,802,N,VIIRS,n,2,295.66,4.15,D,0
10.01371,79.1936,346.99,0.38,0.36,2024-10-01,802,N,VIIRS,n,2,302.7,3.37,D,0
10.15653,78.59763,330.69,0.39,0.36,2024-10-01,802,N,VIIRS,n,2,297.87,1.05,D,0
10.27761,78.83956,335.96,0.38,0.36,2024-10-01,802,N,VIIRS,n,2,302.77,5.66,D,0
10.78735,78.83273,334.89,0.38,0.36,2024-10-01,802,N,VIIRS,n,2,301.23,3.04,D,0
10.90878,79.59444,332.59,0.39,0.36,2024-10-01,802,N,VIIRS,n,2,291.13,1.78,D,0
11.08349,79.18067,331.49,0.39,0.36,2024-10-01,802,N,VIIRS,l,2,302.43,2.63,D,0
11.32946,79.33258,337.04,0.39,0.36,2024-10-01,802,N,VIIRS,n,2,300.97,3.71,D,0
11.33279,79.33207,339.02,0.39,0.36,2024-10-01,802,N,VIIRS,n,2,301.73,3.71,D,0
11.3779,79.32138,332.74,0.39,0.36,2024-10-01,802,N,VIIRS,n,2,298.41,2.22,D,0
11.43013,79.37486,332.03,0.39,0.36,2024-10-01,802,N,VIIRS,l,2,305.3,6.54,D,0
11.56706,78.7795,334.5,0.38,0.36,2024-10-01,802,N,VIIRS,n,2,298.81,1.16,D,0
11.74115,78.14642,335.53,0.39,0.36,2024-10-01,802,N,VIIRS,n,2,302.7,3.41,D,0
11.80826,77.92505,338.26,0.39,0.36,2024-10-01,802,N,VIIRS,n,2,300.35,1.92,D,2
11.93934,79.27605,333.42,0.39,0.36,2024-10-01,802,N,VIIRS,n,2,299.42,1.59,D,0
11.97925,76.91979,335.56,0.41,0.37,2024-10-01,803,N,VIIRS,n,2,300.13,7.97,D,0
12.15971,76.64848,334.84,0.41,0.37,2024-10-01,803,N,VIIRS,n,2,300.12,6.75,D,0
12.20097,79.1757,332.15,0.39,0.36,2024-10-01,803,N,VIIRS,n,2,300.69,1.94,D,0
12.30245,78.41203,335.1,0.38,0.36,2024-10-01,803,N,VIIRS,n,2,300.47,4.55,D,0
12.35654,78.92345,331.62,0.39,0.36,2024-10-01,803,N,VIIRS,l,2,302.26,1.59,D,0
12.49095,76.31372,334.08,0.42,0.38,2024-10-01,803,N,VIIRS,n,2,299.06,3.76,D,0
12.61352,79.67998,336.48,0.4,0.37,2024-10-01,803,N,VIIRS,n,2,298.38,2.36,D,0
12.6498,76.3933,338.37,0.42,0.37,2024-10-01,803,N,VIIRS,n,2,297.06,4.22,D,0
12.65191,79.87214,332.61,0.4,0.37,2024-10-01,803,N,VIIRS,n,2,300.09,2.96,D,0
12.82574,79.0991,340.29,0.39,0.36,2024-10-01,803,N,VIIRS,n,2,303.39,5.09,D,0
12.84952,79.72205,334.24,0.4,0.37,2024-10-01,803,N,VIIRS,n,2,298.71,1.82,D,0
12.87221,79.92531,340.96,0.4,0.37,2024-10-01,803,N,VIIRS,n,2,299.83,5.16,D,0
13.64203,79.73482,334.79,0.4,0.37,2024-10-01,803,N,VIIRS,n,2,301.83,2.39,D,0
13.79066,77.06615,339.47,0.39,0.36,2024-10-01,803,N,VIIRS,n,2,299.36,4.99,D,0
13.79825,79.92084,338.32,0.41,0.37,2024-10-01,803,N,VIIRS,n,2,304.85,5.24,D,0
13.85965,79.60339,341.4,0.4,0.37,2024-10-01,803,N,VIIRS,n,2,308.01,4.85,D,0
13.86673,79.84174,335.12,0.41,0.37,2024-10-01,803,N,VIIRS,n,2,302.69,3.92,D,0
13.9787,78.90036,333.19,0.39,0.36,2024-10-01,803,N,VIIRS,n,2,300.24,1.25,D,0
14.03274,79.80837,338.27,0.41,0.37,2024-10-01,803,N,VIIRS,n,2,305.41,3.13,D,0
14.15305,79.9909,333.97,0.41,0.37,2024-10-01,803,N,VIIRS,l,2,306.23,5.35,D,0
14.15331,79.99091,336.37,0.41,0.37,2024-10-01,803,N,VIIRS,l,2,306.73,7.45,D,0
14.22208,79.55112,341.05,0.4,0.37,2024-10-01,803,N,VIIRS,n,2,306.51,7.15,D,0
14.24094,79.75404,332.36,0.41,0.37,2024-10-01,803,N,VIIRS,n,2,301.89,4.71,D,0
14.24148,79.7578,337.27,0.41,0.37,2024-10-01,803,N,VIIRS,n,2,304.36,4.71,D,0
14.30557,79.74424,333.98,0.41,0.37,2024-10-01,803,N,VIIRS,l,2,304.07,0.77,D,0
14.51449,79.83932,338.56,0.41,0.37,2024-10-01,803,N,VIIRS,n,2,304.56,5.07,D,0
14.53847,79.93289,332.18,0.41,0.37,2024-10-01,803,N,VIIRS,l,2,304.41,2.97,D,0
14.55472,79.99693,341.15,0.41,0.37,2024-10-01,803,N,VIIRS,n,2,303.13,1.7,D,0
14.59212,79.79653,341.83,0.41,0.37,2024-10-01,803,N,VIIRS,n,2,303.89,7.44,D,0
14.63216,79.85641,335.62,0.41,0.37,2024-10-01,803,N,VIIRS,l,2,306.37,3.7,D,0
14.63733,79.41057,342.14,0.4,0.37,2024-10-01,803,N,VIIRS,n,2,309.22,5.59,D,0
14.63849,79.94907,333.4,0.41,0.37,2024-10-01,803,N,VIIRS,n,2,303.28,2.58,D,0
14.68129,79.667,334.88,0.41,0.37,2024-10-01,803,N,VIIRS,l,2,306.45,3.26,D,0
14.74629,79.9248,336.6,0.41,0.37,2024-10-01,803,N,VIIRS,n,2,305.93,4.5,D,0
14.75186,79.72173,344.46,0.41,0.37,2024-10-01,803,N,VIIRS,n,2,305.61,6.21,D,0
14.8203,79.61555,337.27,0.41,0.37,2024-10-01,803,N,VIIRS,l,2,308.04,5.79,D,0
14.8213,80.01257,339.43,0.42,0.37,2024-10-01,803,N,VIIRS,n,2,305.77,3.47,D,0
14.83468,79.98293,332.89,0.42,0.37,2024-10-01,803,N,VIIRS,l,2,303.64,2.0,D,0
14.8775,79.77271,338.88,0.41,0.37,2024-10-01,803,N,VIIRS,n,2,308.64,7.59,D,0
14.87802,79.77292,338.87,0.41,0.37,2024-10-01,803,N,VIIRS,n,2,308.49,7.38,D,0
14.89692,79.76199,338.16,0.41,0.37,2024-10-01,803,N,VIIRS,n,2,306.9,6.61,D,0
15.02254,78.01557,335.49,0.38,0.36,2024-10-01,803,N,VIIRS,l,2,305.49,6.19,D,2
15.14173,79.74406,334.76,0.41,0.37,2024-10-01,803,N,VIIRS,n,2,303.55,2.62,D,0
15.35092,79.69715,337.6,0.41,0.37,2024-10-01,803,N,VIIRS,n,2,304.52,6.82,D,0
15.37419,79.47272,336.91,0.4,0.37,2024-10-01,803,N,VIIRS,n,2,306.6,6.76,D,0
15.37472,79.47258,336.66,0.4,0.37,2024-10-01,803,N,VIIRS,n,2,305.95,6.44,D,0
15.37751,79.61519,339.29,0.41,0.37,2024-10-01,803,N,VIIRS,n,2,307.56,5.73,D,0
15.68564,78.33539,331.05,0.39,0.36,2024-10-01,803,N,VIIRS,l,2,303.35,4.36,D,0
15.70812,78.48675,338.79,0.39,0.36,2024-10-01,803,N,VIIRS,n,2,305.22,6.86,D,0
15.75279,78.53518,339.55,0.39,0.36,2024-10-01,803,N,VIIRS,n,2,305.66,3.2,D,0
15.82195,78.54962,337.15,0.39,0.36,2024-10-01,804,N,VIIRS,n,2,303.51,4.29,D,0
15.8687,78.38644,330.43,0.39,0.36,2024-10-01,804,N,VIIRS,l,2,305.13,3.53,D,0
15.87202,78.38593,336.71,0.39,0.36,2024-10-01,804,N,VIIRS,n,2,305.81,4.28,D,0
15.87256,78.38953,336.92,0.39,0.36,2024-10-01,804,N,VIIRS,n,2,304.69,4.28,D,0
15.8817,78.33639,339.41,0.39,0.36,2024-10-01,804,N,VIIRS,n,2,305.48,2.99,D,0
16.1545,79.32561,337.73,0.41,0.37,2024-10-01,804,N,VIIRS,n,2,303.51,4.25,D,0
16.15789,79.32509,338.19,0.41,0.37,2024-10-01,804,N,VIIRS,n,2,300.58,3.64,D,0
16.44676,79.46777,337.23,0.41,0.37,2024-10-01,804,N,VIIRS,n,2,302.67,3.24,D,0
16.47156,79.71366,334.8,0.42,0.38,2024-10-01,804,N,VIIRS,l,2,304.83,3.79,D,0
16.47416,79.63351,335.41,0.42,0.37,2024-10-01,804,N,VIIRS,n,2,301.26,2.17,D,0
16.50028,80.45669,341.59,0.45,0.39,2024-10-01,804,N,VIIRS,n,2,300.5,8.25,D,0
16.50384,80.45615,346.27,0.45,0.39,2024-10-01,804,N,VIIRS,n,2,299.91,5.28,D,0
16.50741,80.45563,333.46,0.45,0.39,2024-10-01,804,N,VIIRS,n,2,296.57,5.28,D,0
16.73702,77.14697,334.0,0.38,0.36,2024-10-01,804,N,VIIRS,n,2,301.33,2.8,D,0
16.79085,79.09953,339.15,0.4,0.37,2024-10-01,804,N,VIIRS,n,2,301.62,5.63,D,0
16.84552,79.53013,336.61,0.42,0.37,2024-10-01,804,N,VIIRS,n,2,301.2,4.53,D,0
16.99259,79.53172,330.87,0.42,0.37,2024-10-01,804,N,VIIRS,l,2,301.4,3.45,D,0
17.42039,79.06761,340.66,0.41,0.37,2024-10-01,804,N,VIIRS,n,2,300.91,4.97,D,0
18.37795,74.42383,331.66,0.43,0.38,2024-10-01,804,N,VIIRS,l,2,302.17,2.83,D,0
18.46996,74.23837,335.3,0.44,0.38,2024-10-01,804,N,VIIRS,n,2,301.97,3.4,D,0
18.5001,74.28816,347.62,0.44,0.38,2024-10-01,804,N,VIIRS,n,2,302.7,8.24,D,0
18.50083,74.27097,334.77,0.44,0.38,2024-10-01,804,N,VIIRS,n,2,300.95,2.75,D,0
18.67547,78.31795,335.11,0.4,0.37,2024-10-01,804,N,VIIRS,n,2,299.77,2.51,D,0
18.68946,78.31956,333.56,0.4,0.37,2024-10-01,804,N,VIIRS,n,2,300.17,3.55,D,0
18.74347,78.24197,334.05,0.39,0.37,2024-10-01,804,N,VIIRS,n,2,299.91,3.86,D,0
18.75128,78.24838,333.45,0.4,0.37,2024-10-01,804,N,VIIRS,n,2,299.18,3.23,D,0
18.81737,78.24539,330.67,0.4,0.37,2024-10-01,804,N,VIIRS,n,2,298.96,3.59,D,0
18.83224,78.30051,343.83,0.4,0.37,2024-10-01,804,N,VIIRS,n,2,298.82,4.88,D,0
18.83661,78.45016,336.98,0.4,0.37,2024-10-01,804,N,VIIRS,n,2,301.62,4.97,D,0
18.872,78.45619,338.11,0.4,0.37,2024-10-01,804,N,VIIRS,n,2,300.07,5.24,D,0
18.88251,78.30472,332.81,0.4,0.37,2024-10-01,804,N,VIIRS,n,2,300.23,2.19,D,0
19.23154,83.36818,340.88,0.46,0.47,2024-10-01,804,N,VIIRS,n,2,295.4,6.52,D,0
18.69222,73.04099,333.4,0.5,0.41,2024-10-01,805,N,VIIRS,n,2,300.59,6.93,D,2
18.6938,73.04229,330.81,0.5,0.41,2024-10-01,805,N,VIIRS,l,2,301.58,4.57,D,2
18.88545,74.27907,330.4,0.44,0.38,2024-10-01,805,N,VIIRS,l,2,301.81,3.44,D,0
18.97358,74.28455,332.23,0.43,0.38,2024-10-01,805,N,VIIRS,l,2,306.85,7.32,D,0
18.98339,74.27855,330.04,0.43,0.38,2024-10-01,805,N,VIIRS,l,2,302.68,2.52,D,0
19.20452,75.11879,332.96,0.41,0.37,2024-10-01,805,N,VIIRS,l,2,306.77,2.75,D,0
20.0524,76.9481,330.08,0.38,0.36,2024-10-01,805,N,VIIRS,l,2,301.15,2.55,D,0
20.703,78.61746,332.33,0.41,0.37,2024-10-01,805,N,VIIRS,n,2,299.97,1.77,D,0
20.97188,85.1728,349.19,0.32,0.54,2024-10-01,805,N,VIIRS,n,2,294.7,7.23,D,2
21.1068,72.64545,334.22,0.48,0.4,2024-10-01,805,N,VIIRS,n,2,295.13,5.06,D,2
21.91994,83.35117,331.02,0.5,0.49,2024-10-01,805,N,VIIRS,n,2,293.97,2.89,D,2
22.04075,83.72903,336.44,0.53,0.5,2024-10-01,805,N,VIIRS,n,2,288.53,11.08,D,2
22.04133,83.73425,349.32,0.53,0.5,2024-10-01,805,N,VIIRS,n,2,292.31,11.08,D,2
22.04338,83.73081,351.9,0.53,0.5,2024-10-01,805,N,VIIRS,n,2,291.52,8.19,D,2
22.04392,83.73604,332.18,0.53,0.5,2024-10-01,805,N,VIIRS,n,2,291.63,8.19,D,2
22.58326,76.64349,331.91,0.39,0.36,2024-10-01,805,N,VIIRS,n,2,301.33,3.35,D,0
23.55661,87.2401,328.95,0.46,0.64,2024-10-01,805,N,VIIRS,n,2,277.31,3.72,D,2
23.78125,86.20815,345.93,0.4,0.6,2024-10-01,805,N,VIIRS,n,2,287.42,4.35,D,2
23.33955,79.75453,337.25,0.49,0.4,2024-10-01,806,N,VIIRS,n,2,303.05,5.84,D,0
24.14209,77.84795,331.16,0.42,0.37,2024-10-01,806,N,VIIRS,n,2,300.34,1.54,D,0
24.31139,77.90913,332.17,0.42,0.38,2024-10-01,806,N,VIIRS,n,2,302.58,3.48,D,0
27.38891,72.21558,338.53,0.43,0.38,2024-10-01,807,N,VIIRS,l,2,308.62,3.89,D,0
27.39508,72.2098,337.1,0.43,0.38,2024-10-01,807,N,VIIRS,l,2,307.58,2.52,D,0
27.40052,72.19973,337.42,0.43,0.38,2024-10-01,807,N,VIIRS,l,2,308.66,2.9,D,0
27.40502,70.90673,334.58,0.48,0.4,2024-10-01,807,N,VIIRS,l,2,308.14,1.84,D,0
27.58023,72.32149,347.9,0.42,0.38,2024-10-01,807,N,VIIRS,n,2,308.79,2.51,D,0
27.58095,72.32572,340.36,0.42,0.38,2024-10-01,807,N,VIIRS,n,2,309.93,2.51,D,0
27.58224,72.31226,344.4,0.42,0.38,2024-10-01,807,N,VIIRS,n,2,309.29,2.93,D,0
27.58295,72.31651,349.8,0.42,0.38,2024-10-01,807,N,VIIRS,n,2,309.15,2.93,D,0
27.58367,72.32075,352.03,0.42,0.38,2024-10-01,807,N,VIIRS,n,2,309.49,2.51,D,0
27.58438,72.32498,340.21,0.42,0.38,2024-10-01,807,N,VIIRS,n,2,309.75,2.51,D,0
27.58568,72.31153,347.77,0.42,0.38,2024-10-01,807,N,VIIRS,n,2,310.27,3.11,D,0
27.58639,72.31577,354.85,0.42,0.38,2024-10-01,807,N,VIIRS,n,2,310.03,3.11,D,0
27.58669,72.30766,339.76,0.42,0.38,2024-10-01,807,N,VIIRS,l,2,310.1,2.49,D,0
27.58698,72.29809,338.39,0.42,0.38,2024-10-01,807,N,VIIRS,l,2,310.09,1.99,D,0
27.5871,72.32001,354.59,0.42,0.38,2024-10-01,807,N,VIIRS,n,2,309.8,3.88,D,0
27.58741,72.31189,354.19,0.42,0.38,2024-10-01,807,N,VIIRS,n,2,310.02,6.4,D,0
27.58769,72.30233,336.52,0.42,0.38,2024-10-01,807,N,VIIRS,l,2,309.39,2.47,D,0
27.58782,72.32424,350.51,0.42,0.38,2024-10-01,807,N,VIIRS,n,2,309.21,3.88,D,0
27.58814,72.31612,356.83,0.42,0.38,2024-10-01,807,N,VIIRS,l,2,310.19,6.4,D,0
27.58853,72.32848,337.61,0.42,0.38,2024-10-01,807,N,VIIRS,l,2,308.98,1.77,D,0
27.58866,72.29847,352.89,0.42,0.38,2024-10-01,807,N,VIIRS,n,2,309.48,6.69,D,0
27.58887,72.32035,356.81,0.42,0.38,2024-10-01,807,N,VIIRS,l,2,309.74,8.95,D,0
27.5894,72.3027,337.59,0.42,0.38,2024-10-01,807,N,VIIRS,l,2,309.67,2.49,D,0
27.5896,72.32458,356.83,0.42,0.38,2024-10-01,807,N,VIIRS,l,2,309.33,8.95,D,0
27.58983,72.31505,336.67,0.42,0.38,2024-10-01,807,N,VIIRS,l,2,310.33,3.11,D,0
27.59033,72.3288,339.21,0.42,0.38,2024-10-01,807,N,VIIRS,l,2,309.26,3.7,D,0
27.59054,72.31928,354.74,0.42,0.38,2024-10-01,807,N,VIIRS,n,2,309.27,3.88,D,0
27.59126,72.32352,355.0,0.42,0.38,2024-10-01,807,N,VIIRS,n,2,308.94,3.88,D,0
27.59197,72.32775,335.15,0.42,0.38,2024-10-01,807,N,VIIRS,l,2,309.07,1.77,D,0
27.5921,72.29774,349.97,0.42,0.38,2024-10-01,807,N,VIIRS,n,2,309.57,5.5,D,0
27.59283,72.30198,353.99,0.42,0.38,2024-10-01,807,N,VIIRS,n,2,309.96,4.9,D,0
27.59304,72.32385,356.89,0.42,0.38,2024-10-01,807,N,VIIRS,l,2,308.78,8.95,D,0
27.59627,72.30125,352.88,0.42,0.38,2024-10-01,807,N,VIIRS,n,2,309.59,4.9,D,0
27.597,72.30548,357.25,0.42,0.38,2024-10-01,807,N,VIIRS,l,2,309.05,4.9,D,0
27.60044,72.30474,352.07,0.42,0.38,2024-10-01,807,N,VIIRS,n,2,311.11,5.51,D,0
29.06583,76.99952,330.15,0.43,0.38,2024-10-01,807,N,VIIRS,n,2,299.42,2.05,D,0
29.3751,76.0397,333.41,0.4,0.37,2024-10-01,807,N,VIIRS,n,2,301.34,3.41,D,0
29.37567,76.04384,332.56,0.4,0.37,2024-10-01,807,N,VIIRS,n,2,301.19,4.54,D,0
29.62647,75.97056,333.4,0.4,0.37,2024-10-01,807,N,VIIRS,n,2,302.21,3.09,D,0
29.62705,75.9747,331.01,0.4,0.37,2024-10-01,807,N,VIIRS,n,2,301.07,3.1,D,0
29.72624,76.03831,336.49,0.4,0.37,2024-10-01,807,N,VIIRS,n,2,300.37,5.83,D,0
29.66613,71.75153,338.21,0.42,0.38,2024-10-01,808,N,VIIRS,n,2,309.37,3.07,D,0
29.66797,71.75189,332.75,0.42,0.38,2024-10-01,808,N,VIIRS,l,2,307.0,1.8,D,0
29.9673,71.49017,336.1,0.42,0.38,2024-10-01,808,N,VIIRS,n,2,305.4,3.37,D,0
30.10874,71.47246,332.77,0.42,0.38,2024-10-01,808,N,VIIRS,l,2,307.27,1.98,D,0
30.12745,73.50204,332.94,0.39,0.36,2024-10-01,808,N,VIIRS,l,2,307.0,2.79,D,0
30.13849,74.14589,331.63,0.38,0.36,2024-10-01,808,N,VIIRS,n,2,305.39,1.68,D,0
30.16271,71.53703,332.93,0.42,0.38,2024-10-01,808,N,VIIRS,l,2,306.7,0.92,D,0
30.19766,70.6352,339.07,0.45,0.39,2024-10-01,808,N,VIIRS,n,2,308.67,4.67,D,0
30.19801,73.47938,338.3,0.39,0.36,2024-10-01,808,N,VIIRS,n,2,303.94,2.35,D,0
30.20131,73.4787,330.66,0.39,0.36,2024-10-01,808,N,VIIRS,n,2,305.48,2.35,D,0
30.20194,73.48269,341.42,0.39,0.36,2024-10-01,808,N,VIIRS,n,2,306.45,4.96,D,0
30.27098,76.17825,335.25,0.41,0.37,2024-10-01,808,N,VIIRS,n,2,302.97,12.66,D,0
30.28574,72.22754,340.7,0.4,0.37,2024-10-01,808,N,VIIRS,n,2,313.14,2.7,D,0
30.28911,72.22679,355.96,0.4,0.37,2024-10-01,808,N,VIIRS,n,2,313.7,9.86,D,0
30.29542,76.15199,340.6,0.41,0.37,2024-10-01,808,N,VIIRS,n,2,301.44,9.48,D,0
30.34578,73.57667,337.22,0.39,0.36,2024-10-01,808,N,VIIRS,n,2,308.13,3.83,D,0
30.36654,73.73263,344.8,0.38,0.36,2024-10-01,808,N,VIIRS,n,2,305.69,8.24,D,0
30.37552,71.88316,336.89,0.41,0.37,2024-10-01,808,N,VIIRS,l,2,310.96,2.22,D,0
30.37583,73.72662,333.28,0.38,0.36,2024-10-01,808,N,VIIRS,n,2,303.54,1.62,D,0
30.37715,73.60308,334.58,0.38,0.36,2024-10-01,808,N,VIIRS,l,2,304.93,3.29,D,0
30.37758,73.09094,347.76,0.39,0.36,2024-10-01,808,N,VIIRS,n,2,309.04,5.03,D,0
30.37777,73.60706,346.98,0.38,0.36,2024-10-01,808,N,VIIRS,n,2,308.15,3.29,D,0
30.38107,73.60638,350.97,0.38,0.36,2024-10-01,808,N,VIIRS,n,2,306.07,11.2,D,0
30.38758,73.73653,336.61,0.38,0.36,2024-10-01,808,N,VIIRS,n,2,305.79,2.55,D,0
30.40005,73.6189,336.02,0.38,0.36,2024-10-01,808,N,VIIRS,l,2,306.76,4.4,D,0
30.41437,73.62842,333.46,0.38,0.36,2024-10-01,808,N,VIIRS,l,2,305.05,1.15,D,0
30.45733,73.79625,332.0,0.38,0.36,2024-10-01,808,N,VIIRS,l,2,304.42,2.97,D,0
30.45931,73.47916,347.96,0.39,0.36,2024-10-01,808,N,VIIRS,n,2,306.43,4.62,D,0
30.46185,73.80354,336.2,0.38,0.36,2024-10-01,808,N,VIIRS,n,2,304.55,4.16,D,0
30.46199,73.47448,338.3,0.39,0.36,2024-10-01,808,N,VIIRS,n,2,308.04,3.19,D,0
30.46256,73.15646,334.48,0.39,0.36,2024-10-01,808,N,VIIRS,n,2,306.75,1.73,D,0
30.46864,73.60487,337.39,0.38,0.36,2024-10-01,808,N,VIIRS,n,2,307.19,1.97,D,0
30.47194,73.60419,332.7,0.38,0.36,2024-10-01,808,N,VIIRS,n,2,304.25,1.97,D,0
30.47798,73.7756,332.77,0.38,0.36,2024-10-01,808,N,VIIRS,n,2,302.77,3.56,D,0
30.47889,73.42972,342.91,0.39,0.36,2024-10-01,808,N,VIIRS,n,2,308.91,3.2,D,0
30.48557,73.56021,334.56,0.39,0.36,2024-10-01,808,N,VIIRS,n,2,305.63,1.12,D,0
30.48573,75.91537,336.45,0.41,0.37,2024-10-01,808,N,VIIRS,n,2,301.96,3.31,D,0
30.49229,73.84659,338.6,0.38,0.36,2024-10-01,808,N,VIIRS,n,2,307.45,6.07,D,0
30.4935,73.74365,344.12,0.38,0.36,2024-10-01,808,N,VIIRS,n,2,307.1,4.49,D,0
30.49369,73.94482,346.2,0.38,0.36,2024-10-01,808,N,VIIRS,n,2,308.96,10.79,D,0
30.51443,73.63656,347.54,0.38,0.36,2024-10-01,808,N,VIIRS,n,2,307.69,8.02,D,0
30.52527,73.27173,332.07,0.39,0.36,2024-10-01,808,N,VIIRS,n,2,305.28,1.6,D,0
30.52764,73.96667,332.85,0.38,0.36,2024-10-01,808,N,VIIRS,l,2,303.94,1.73,D,0
30.53094,73.966,330.43,0.38,0.36,2024-10-01,808,N,VIIRS,l,2,304.95,2.35,D,0
30.54448,73.56898,332.65,0.38,0.36,2024-10-01,808,N,VIIRS,n,2,305.47,2.71,D,0
30.54778,73.5683,343.32,0.38,0.36,2024-10-01,808,N,VIIRS,n,2,308.73,2.71,D,0
30.5719,73.65799,334.6,0.38,0.36,2024-10-01,808,N,VIIRS,l,2,308.0,2.82,D,0
30.5974,73.73501,338.94,0.38,0.36,2024-10-01,808,N,VIIRS,n,2,304.07,3.66,D,0
30.62411,73.58219,345.99,0.38,0.36,2024-10-01,808,N,VIIRS,n,2,307.58,16.21,D,0
30.63069,73.51488,337.57,0.39,0.36,2024-10-01,808,N,VIIRS,n,2,305.64,4.86,D,0
30.63752,73.55881,336.67,0.38,0.36,2024-10-01,808,N,VIIRS,n,2,306.94,3.33,D,0
30.63896,73.61205,330.73,0.38,0.36,2024-10-01,808,N,VIIRS,l,2,304.2,1.21,D,0
30.66825,73.51531,332.49,0.38,0.36,2024-10-01,808,N,VIIRS,l,2,303.64,1.71,D,0
30.68559,73.5612,340.36,0.38,0.36,2024-10-01,808,N,VIIRS,n,2,307.15,4.82,D,0
30.69888,73.73557,331.03,0.38,0.36,2024-10-01,808,N,VIIRS,n,2,304.64,2.31,D,0
30.73579,72.78679,332.36,0.39,0.36,2024-10-01,808,N,VIIRS,l,2,306.02,2.32,D,0
30.74081,73.80929,339.01,0.38,0.36,2024-10-01,808,N,VIIRS,n,2,304.32,3.14,D,0
30.79104,74.05015,337.63,0.38,0.36,2024-10-01,808,N,VIIRS,n,2,305.29,2.15,D,0
30.79706,73.27823,334.44,0.39,0.36,2024-10-01,808,N,VIIRS,n,2,305.99,2.01,D,0
30.91124,74.1499,334.62,0.38,0.36,2024-10-01,808,N,VIIRS,n,2,306.73,2.56,D,0
30.93135,74.26144,332.56,0.38,0.36,2024-10-01,808,N,VIIRS,n,2,306.56,2.54,D,0
30.95022,74.52661,331.77,0.39,0.36,2024-10-01,808,N,VIIRS,n,2,301.3,3.37,D,0
30.9508,74.53064,333.27,0.39,0.36,2024-10-01,808,N,VIIRS,n,2,301.75,3.37,D,0
30.95246,74.29462,333.75,0.39,0.36,2024-10-01,808,N,VIIRS,l,2,304.49,4.77,D,0
31.01142,74.23318,335.3,0.38,0.36,2024-10-01,808,N,VIIRS,n,2,305.48,3.22,D,0
31.03154,74.25395,339.75,0.39,0.36,2024-10-01,808,N,VIIRS,n,2,305.64,6.25,D,0
31.03275,74.15078,334.03,0.38,0.36,2024-10-01,808,N,VIIRS,n,2,303.48,5.14,D,0
31.03808,74.98948,331.09,0.39,0.36,2024-10-01,808,N,VIIRS,l,2,301.41,2.83,D,0
31.04142,74.98884,335.58,0.39,0.36,2024-10-01,808,N,VIIRS,n,2,300.44,6.78,D,0
31.05693,74.40199,331.15,0.39,0.36,2024-10-01,808,N,VIIRS,l,2,306.04,8.88,D,0
31.05753,74.40602,334.39,0.39,0.36,2024-10-01,808,N,VIIRS,n,2,302.51,8.25,D,0
31.06569,74.55389,341.4,0.39,0.36,2024-10-01,808,N,VIIRS,n,2,304.26,4.83,D,0
31.06687,74.56196,334.31,0.39,0.36,2024-10-01,808,N,VIIRS,n,2,304.03,4.1,D,0
31.06992,74.26324,340.47,0.39,0.36,2024-10-01,808,N,VIIRS,n,2,304.97,3.05,D,0
31.07045,74.31272,336.4,0.39,0.36,2024-10-01,808,N,VIIRS,n,2,303.82,2.93,D,0
31.07323,74.26258,347.02,0.39,0.36,2024-10-01,808,N,VIIRS,n,2,305.39,3.05,D,0
31.07385,74.53979,332.32,0.39,0.36,2024-10-01,808,N,VIIRS,l,2,306.34,0.9,D,0
31.09887,74.66395,345.81,0.39,0.36,2024-10-01,808,N,VIIRS,n,2,308.49,13.09,D,0
31.10109,75.18047,345.09,0.39,0.37,2024-10-01,808,N,VIIRS,n,2,302.59,4.15,D,0
31.10443,75.17983,339.79,0.39,0.37,2024-10-01,808,N,VIIRS,n,2,301.35,4.15,D,0
31.10491,74.84673,344.79,0.39,0.36,2024-10-01,808,N,VIIRS,n,2,303.1,10.0,D,0
31.12066,74.30681,336.16,0.39,0.36,2024-10-01,808,N,VIIRS,n,2,305.46,0.68,D,0
31.1582,73.994,338.0,0.38,0.36,2024-10-01,808,N,VIIRS,n,2,305.37,6.41,D,0
31.16611,76.18531,333.77,0.42,0.37,2024-10-01,808,N,VIIRS,n,2,302.14,3.1,D,0
31.23014,74.38548,337.85,0.39,0.36,2024-10-01,808,N,VIIRS,n,2,304.36,5.08,D,0
31.32998,75.10026,333.28,0.39,0.37,2024-10-01,808,N,VIIRS,n,2,301.03,2.56,D,0
31.33056,75.10439,331.19,0.39,0.37,2024-10-01,808,N,VIIRS,n,2,301.09,2.56,D,0
31.33514,74.08679,331.33,0.38,0.36,2024-10-01,808,N,VIIRS,l,2,306.01,2.05,D,0
31.36384,74.53435,335.87,0.39,0.36,2024-10-01,808,N,VIIRS,n,2,304.14,1.09,D,0
31.37614,74.1161,334.89,0.38,0.36,2024-10-01,808,N,VIIRS,l,2,305.09,3.28,D,0
31.42473,75.15084,347.77,0.4,0.37,2024-10-01,808,N,VIIRS,n,2,302.17,4.71,D,0
31.42532,75.155,335.61,0.4,0.37,2024-10-01,808,N,VIIRS,n,2,302.24,4.71,D,0
31.42809,75.1502,346.41,0.4,0.37,2024-10-01,808,N,VIIRS,n,2,301.03,5.03,D,0
31.42867,75.15436,338.94,0.4,0.37,2024-10-01,808,N,VIIRS,n,2,301.93,5.03,D,0
31.45333,74.57134,330.1,0.39,0.36,2024-10-01,808,N,VIIRS,l,2,303.41,0.64,D,0
31.45654,74.68815,338.67,0.39,0.36,2024-10-01,808,N,VIIRS,n,2,301.16,4.4,D,0
31.46925,74.82459,333.73,0.39,0.36,2024-10-01,808,N,VIIRS,n,2,302.84,7.15,D,0
31.47621,74.58776,336.09,0.39,0.36,2024-10-01,808,N,VIIRS,n,2,304.67,3.41,D,0
31.49115,74.93025,339.75,0.39,0.36,2024-10-01,808,N,VIIRS,n,2,302.6,4.56,D,0
31.51262,75.05776,334.29,0.39,0.37,2024-10-01,808,N,VIIRS,n,2,303.13,1.18,D,0
31.51357,74.87086,333.78,0.39,0.36,2024-10-01,808,N,VIIRS,n,2,302.02,2.58,D,0
31.54042,74.12473,332.38,0.39,0.36,2024-10-01,808,N,VIIRS,n,2,303.47,2.15,D,0
31.55257,74.60262,348.12,0.39,0.36,2024-10-01,808,N,VIIRS,n,2,305.84,8.58,D,0
31.55642,74.00956,340.17,0.38,0.36,2024-10-01,808,N,VIIRS,n,2,302.82,4.78,D,0
31.5671,74.75126,333.55,0.39,0.36,2024-10-01,808,N,VIIRS,n,2,302.87,2.85,D,0
31.58825,75.08158,345.23,0.4,0.37,2024-10-01,808,N,VIIRS,n,2,306.25,6.57,D,0
31.61114,72.17558,336.95,0.4,0.37,2024-10-01,808,N,VIIRS,n,2,305.88,48.21,D,0
31.62501,74.47533,335.77,0.39,0.36,2024-10-01,808,N,VIIRS,n,2,305.99,2.47,D,0
31.64507,74.12458,343.94,0.39,0.36,2024-10-01,808,N,VIIRS,n,2,305.26,4.53,D,0
31.64592,74.24533,336.59,0.39,0.36,2024-10-01,808,N,VIIRS,n,2,305.35,2.71,D,0
31.72244,70.74804,347.93,0.43,0.38,2024-10-01,808,N,VIIRS,n,2,315.43,11.96,D,0
31.73674,74.68033,331.62,0.39,0.36,2024-10-01,808,N,VIIRS,n,2,302.12,3.28,D,0
31.74636,72.31736,336.76,0.39,0.36,2024-10-01,808,N,VIIRS,n,2,306.31,2.1,D,0
31.75384,72.60872,335.06,0.39,0.36,2024-10-01,808,N,VIIRS,n,2,304.53,2.71,D,0
31.80019,74.67757,337.32,0.39,0.36,2024-10-01,808,N,VIIRS,n,2,303.76,3.72,D,0
31.8082,75.02467,330.91,0.4,0.37,2024-10-01,808,N,VIIRS,l,2,303.96,1.34,D,0
31.82507,73.08111,337.43,0.39,0.36,2024-10-01,808,N,VIIRS,n,2,304.45,4.18,D,0
31.83352,74.39758,337.25,0.39,0.36,2024-10-01,808,N,VIIRS,n,2,304.58,3.06,D,0
31.83575,74.34258,336.5,0.39,0.36,2024-10-01,808,N,VIIRS,n,2,304.98,3.18,D,0
31.83635,74.34665,333.9,0.39,0.36,2024-10-01,808,N,VIIRS,l,2,304.2,4.46,D,0
31.85413,75.03294,331.12,0.4,0.37,2024-10-01,808,N,VIIRS,n,2,302.29,2.6,D,0
31.86185,74.40451,335.79,0.39,0.36,2024-10-01,808,N,VIIRS,n,2,303.35,2.29,D,0
31.86625,74.29451,332.13,0.39,0.36,2024-10-01,808,N,VIIRS,n,2,304.26,2.68,D,0
31.87586,74.31354,334.7,0.39,0.36,2024-10-01,808,N,VIIRS,n,2,304.2,3.37,D,0
31.89159,74.23492,344.09,0.39,0.36,2024-10-01,808,N,VIIRS,n,2,304.88,4.63,D,0
31.89305,72.35871,334.63,0.39,0.36,2024-10-01,808,N,VIIRS,n,2,305.58,1.47,D,0
31.8951,74.35165,332.55,0.39,0.36,2024-10-01,808,N,VIIRS,l,2,305.14,2.37,D,0
31.90401,72.85046,330.75,0.39,0.36,2024-10-01,808,N,VIIRS,l,2,304.32,1.8,D,0
31.92521,70.86547,342.09,0.43,0.38,2024-10-01,808,N,VIIRS,n,2,311.88,3.12,D,0
31.92532,73.86929,335.39,0.38,0.36,2024-10-01,808,N,VIIRS,n,2,304.98,7.79,D,0
31.92593,73.87334,354.69,0.38,0.36,2024-10-01,808,N,VIIRS,n,2,307.29,7.79,D,0
31.93031,74.34102,339.59,0.39,0.36,2024-10-01,808,N,VIIRS,n,2,304.14,2.9,D,0
31.96251,70.93521,344.0,0.42,0.38,2024-10-01,808,N,VIIRS,n,2,315.43,19.42,D,0
31.97274,71.75414,343.32,0.4,0.37,2024-10-01,808,N,VIIRS,n,2,312.5,3.73,D,0
32.00653,74.90976,346.48,0.39,0.37,2024-10-01,808,N,VIIRS,n,2,303.2,4.57,D,0
32.06087,70.32024,341.41,0.44,0.39,2024-10-01,808,N,VIIRS,n,2,314.82,6.37,D,0
32.07143,73.8729,336.44,0.38,0.36,2024-10-01,808,N,VIIRS,l,2,308.41,15.63,D,0
32.12802,74.92175,332.75,0.4,0.37,2024-10-01,808,N,VIIRS,n,2,301.39,1.46,D,0
32.18777,72.77823,331.36,0.39,0.36,2024-10-01,808,N,VIIRS,l,2,306.19,1.64,D,0
32.31292,74.34206,335.4,0.39,0.36,2024-10-01,808,N,VIIRS,n,2,305.49,2.49,D,0
32.31974,75.22395,331.85,0.4,0.37,2024-10-01,808,N,VIIRS,n,2,302.65,1.08,D,0
32.47025,73.2864,330.45,0.38,0.36,2024-10-01,808,N,VIIRS,n,2,304.19,1.79,D,0
32.47845,74.25051,342.2,0.39,0.36,2024-10-01,808,N,VIIRS,n,2,309.04,5.24,D,0
32.55125,73.42068,332.63,0.38,0.36,2024-10-01,808,N,VIIRS,n,2,306.0,1.66,D,0
33.26722,71.31036,344.57,0.4,0.37,2024-10-01,809,N,VIIRS,n,2,316.83,6.03,D,0
33.27058,71.30952,345.49,0.4,0.37,2024-10-01,809,N,VIIRS,n,2,315.66,7.07,D,0
34.96171,73.1413,338.39,0.39,0.36,2024-10-01,809,N,VIIRS,n,2,302.88,5.58,D,0
34.96377,73.1323,331.4,0.39,0.36,2024-10-01,809,N,VIIRS,n,2,296.55,26.25,D,0
34.96765,73.13563,330.68,0.39,0.36,2024-10-01,809,N,VIIRS,n,2,293.69,26.25,D,0
35.59688,73.6189,337.67,0.39,0.36,2024-10-01,809,N,VIIRS,l,2,308.15,3.53,D,0
39.7907,98.30085,313.66,0.48,0.48,2024-10-01,1848,N,VIIRS,n,2,277.84,1.68,N,2
39.79202,97.90778,310.66,0.5,0.49,2024-10-01,1848,N,VIIRS,n,2,275.07,2.14,N,2
39.80895,98.29771,296.01,0.48,0.48,2024-10-01,1848,N,VIIRS,n,2,278.24,1.65,N,2
39.81141,98.2984,308.58,0.48,0.48,2024-10-01,1848,N,VIIRS,n,2,281.81,1.65,N,2
39.81339,98.29833,295.67,0.48,0.48,2024-10-01,1848,N,VIIRS,n,2,280.57,1.61,N,2
39.82275,98.243,295.66,0.48,0.48,2024-10-01,1848,N,VIIRS,n,2,277.5,1.22,N,2
39.84484,98.27473,333.06,0.48,0.48,2024-10-01,1848,N,VIIRS,n,2,277.4,3.12,N,2
39.84929,98.27531,330.66,0.48,0.48,2024-10-01,1848,N,VIIRS,n,2,278.26,5.12,N,2
29.08646,88.00855,299.62,0.74,0.76,2024-10-01,1851,N,VIIRS,n,2,275.15,2.14,N,2
39.7911,97.91043,302.17,0.62,0.71,2024-10-01,2028,N,VIIRS,n,2,272.13,1.94,N,2
39.79241,97.91334,295.01,0.62,0.71,2024-10-01,2028,N,VIIRS,n,2,271.41,1.22,N,2
39.84165,98.276,299.68,0.64,0.72,2024-10-01,2028,N,VIIRS,n,2,273.56,1.19,N,2
39.86005,98.25507,296.67,0.64,0.72,2024-10-01,2028,N,VIIRS,n,2,275.19,0.97,N,2
39.0503,76.1802,298.19,0.49,0.4,2024-10-01,2029,N,VIIRS,n,2,275.5,1.21,N,0
35.27572,73.09249,305.29,0.42,0.45,2024-10-01,2030,N,VIIRS,n,2,283.28,1.09,N,0
35.6154,73.64675,321.24,0.39,0.44,2024-10-01,2030,N,VIIRS,n,2,285.45,1.95,N,0
35.61593,73.64172,307.49,0.39,0.44,2024-10-01,2030,N,VIIRS,n,2,285.5,1.95,N,0
35.71254,73.66175,296.2,0.39,0.44,2024-10-01,2030,N,VIIRS,n,2,281.6,0.59,N,0
29.08565,88.01252,299.17,0.35,0.56,2024-10-01,2031,N,VIIRS,n,2,278.44,1.07,N,2
29.22416,88.35365,302.48,0.36,0.57,2024-10-01,2031,N,VIIRS,n,2,281.89,1.0,N,2
29.78586,91.60482,295.19,0.54,0.68,2024-10-01,2031,N,VIIRS,n,2,278.54,0.89,N,0
31.24864,76.92834,300.73,0.4,0.37,2024-10-01,2031,N,VIIRS,n,2,289.76,0.32,N,2
31.25935,76.92605,302.83,0.4,0.37,2024-10-01,2031,N,VIIRS,n,2,291.68,0.24,N,2
31.32689,76.89426,302.19,0.4,0.37,2024-10-01,2031,N,VIIRS,n,2,291.4,0.54,N,2
31.65191,74.17472,312.19,0.5,0.41,2024-10-01,2031,N,VIIRS,n,2,297.66,1.42,N,0
31.65567,74.17535,309.63,0.5,0.41,2024-10-01,2031,N,VIIRS,n,2,297.88,1.42,N,0
32.08577,74.16592,306.68,0.51,0.41,2024-10-01,2031,N,VIIRS,n,2,296.36,1.46,N,2
32.0864,74.16053,310.16,0.51,0.41,2024-10-01,2031,N,VIIRS,n,2,296.61,1.33,N,2
32.29366,70.72961,309.7,0.52,0.5,2024-10-01,2031,N,VIIRS,n,2,299.42,3.17,N,2
32.89049,71.61549,309.53,0.47,0.48,2024-10-01,2031,N,VIIRS,n,2,298.49,2.27,N,2
33.69034,72.71114,308.63,0.42,0.45,2024-10-01,2031,N,VIIRS,n,2,294.43,0.94,N,2
34.56484,71.0036,315.94,0.53,0.5,2024-10-01,2031,N,VIIRS,n,2,285.95,2.02,N,0
34.57168,71.03352,296.28,0.53,0.5,2024-10-01,2031,N,VIIRS,n,2,286.01,0.73,N,0
34.57578,71.04053,320.02,0.53,0.5,2024-10-01,2031,N,VIIRS,n,2,285.49,3.36,N,0
34.71323,73.05037,310.36,0.41,0.45,2024-10-01,2031,N,VIIRS,n,2,287.11,0.78,N,0
26.76024,83.20027,314.22,0.4,0.44,2024-10-01,2032,N,VIIRS,n,2,296.6,1.49,N,2
27.66789,76.13071,312.93,0.4,0.37,2024-10-01,2032,N,VIIRS,n,2,298.67,1.74,N,2
28.27066,77.27422,305.52,0.39,0.36,2024-10-01,2032,N,VIIRS,n,2,295.51,0.36,N,2
28.41122,77.30363,307.37,0.39,0.36,2024-10-01,2032,N,VIIRS,n,2,296.33,0.75,N,0
28.79546,77.07212,309.0,0.39,0.36,2024-10-01,2032,N,VIIRS,n,2,296.35,0.96,N,0
29.12272,75.77991,310.58,0.41,0.37,2024-10-01,2032,N,VIIRS,n,2,297.59,1.14,N,2
29.36032,76.95896,307.55,0.39,0.36,2024-10-01,2032,N,VIIRS,n,2,297.32,0.61,N,0
30.6445,75.87946,307.72,0.42,0.38,2024-10-01,2032,N,VIIRS,n,2,296.95,0.87,N,0
30.88177,75.99413,306.74,0.42,0.38,2024-10-01,2032,N,VIIRS,n,2,296.3,0.8,N,0
22.79453,86.20715,309.35,0.36,0.58,2024-10-01,2033,N,VIIRS,n,2,271.75,1.81,N,2
22.79531,86.20358,301.45,0.36,0.58,2024-10-01,2033,N,VIIRS,n,2,272.32,2.12,N,3
22.79787,86.20718,335.85,0.36,0.58,2024-10-01,2033,N,VIIRS,n,2,274.37,3.49,N,2
22.79867,86.20361,299.11,0.36,0.58,2024-10-01,2033,N,VIIRS,n,2,274.39,3.28,N,2
22.79974,86.20865,310.7,0.36,0.58,2024-10-01,2033,N,VIIRS,n,2,273.83,1.81,N,2
22.80052,86.20508,301.45,0.36,0.58,2024-10-01,2033,N,VIIRS,n,2,274.57,2.12,N,2
23.16541,82.34115,320.74,0.42,0.45,2024-10-01,2033,N,VIIRS,n,2,293.12,1.22,N,2
23.16619,82.33707,304.34,0.42,0.45,2024-10-01,2033,N,VIIRS,n,2,292.32,1.22,N,2
23.16622,82.34386,319.13,0.42,0.45,2024-10-01,2033,N,VIIRS,n,2,292.59,1.84,N,2
23.16702,82.33981,318.33,0.42,0.45,2024-10-01,2033,N,VIIRS,n,2,293.46,2.93,N,2
23.60527,87.15273,296.45,0.4,0.6,2024-10-01,2033,N,VIIRS,n,2,265.5,0.5,N,2
23.6697,86.09277,297.51,0.34,0.56,2024-10-01,2033,N,VIIRS,n,2,268.3,0.53,N,2
23.6799,86.09554,304.1,0.34,0.56,2024-10-01,2033,N,VIIRS,n,2,266.92,0.91,N,2
23.68057,86.09538,308.71,0.34,0.56,2024-10-01,2033,N,VIIRS,n,2,267.04,1.17,N,2
23.68064,86.09219,304.67,0.34,0.56,2024-10-01,2033,N,VIIRS,n,2,267.51,1.42,N,2
23.68132,86.09203,301.75,0.34,0.56,2024-10-01,2033,N,VIIRS,n,2,267.26,1.36,N,2
23.68748,87.12132,298.05,0.4,0.6,2024-10-01,2033,N,VIIRS,n,2,268.94,0.68,N,2
23.69172,87.12457,295.36,0.4,0.6,2024-10-01,2033,N,VIIRS,n,2,266.83,0.77,N,2
23.69261,87.12074,295.41,0.4,0.6,2024-10-01,2033,N,VIIRS,n,2,266.71,0.77,N,2
23.69351,87.11684,295.24,0.4,0.6,2024-10-01,2033,N,VIIRS,n,2,267.15,1.0,N,2
23.77768,86.3447,296.19,0.35,0.57,2024-10-01,2033,N,VIIRS,n,2,261.77,0.24,N,2
23.77877,86.38873,295.07,0.36,0.57,2024-10-01,2033,N,VIIRS,n,2,262.5,0.36,N,2
23.78287,86.34602,297.95,0.35,0.57,2024-10-01,2033,N,VIIRS,n,2,261.78,0.24,N,2
23.78318,86.3936,295.07,0.36,0.57,2024-10-01,2033,N,VIIRS,n,2,263.33,0.36,N,2
23.79247,86.3521,301.24,0.35,0.57,2024-10-01,2033,N,VIIRS,n,2,263.39,0.47,N,2
23.80308,86.32919,301.57,0.35,0.57,2024-10-01,2033,N,VIIRS,n,2,265.36,0.68,N,2
24.20667,82.5261,303.42,0.41,0.45,2024-10-01,2033,N,VIIRS,n,2,287.14,0.61,N,2
24.20678,82.7079,303.06,0.42,0.45,2024-10-01,2033,N,VIIRS,n,2,284.38,0.5,N,2
24.66063,74.63379,312.73,0.41,0.37,2024-10-01,2033,N,VIIRS,n,2,298.2,1.87,N,2
24.71386,74.67133,307.77,0.41,0.37,2024-10-01,2033,N,VIIRS,n,2,296.97,1.21,N,2
24.71503,75.9529,309.25,0.39,0.36,2024-10-01,2033,N,VIIRS,n,2,297.63,0.94,N,2
24.76497,74.6088,311.36,0.42,0.37,2024-10-01,2033,N,VIIRS,n,2,298.9,1.4,N,2
24.821,73.09449,310.51,0.48,0.4,2024-10-01,2033,N,VIIRS,n,2,296.93,1.87,N,2
24.93492,74.63483,308.44,0.42,0.37,2024-10-01,2033,N,VIIRS,n,2,297.26,0.95,N,2
26.64307,79.47903,311.6,0.41,0.37,2024-10-01,2033,N,VIIRS,n,2,295.97,0.95,N,2
26.87269,73.51779,308.37,0.48,0.4,2024-10-01,2033,N,VIIRS,n,2,297.26,1.06,N,2
19.10393,82.17142,301.8,0.48,0.48,2024-10-01,2034,N,VIIRS,n,2,289.25,2.82,N,2
19.10481,82.16688,307.42,0.48,0.48,2024-10-01,2034,N,VIIRS,n,2,288.8,3.33,N,2
20.24269,86.60912,295.1,0.44,0.62,2024-10-01,2034,N,VIIRS,n,2,262.66,0.6,N,2
20.75958,85.2944,306.66,0.35,0.57,2024-10-01,2034,N,VIIRS,n,2,287.32,0.85,N,2
20.76028,85.29115,305.71,0.35,0.57,2024-10-01,2034,N,VIIRS,n,2,287.31,1.1,N,2
20.78665,85.26955,304.88,0.35,0.57,2024-10-01,2034,N,VIIRS,n,2,288.91,1.13,N,2
20.78736,85.2662,311.36,0.35,0.57,2024-10-01,2034,N,VIIRS,n,2,289.23,1.13,N,2
20.78808,85.26283,316.25,0.35,0.57,2024-10-01,2034,N,VIIRS,n,2,289.76,1.61,N,2
20.78879,85.25947,305.44,0.35,0.57,2024-10-01,2034,N,VIIRS,n,2,289.53,1.61,N,2
20.7954,85.25391,345.34,0.35,0.57,2024-10-01,2034,N,VIIRS,n,2,289.83,5.38,N,2
20.80569,85.25658,316.47,0.35,0.57,2024-10-01,2034,N,VIIRS,n,2,290.43,2.44,N,2
20.8662,84.99497,305.29,0.34,0.56,2024-10-01,2034,N,VIIRS,n,2,284.84,1.16,N,2
20.8669,84.99162,304.21,0.33,0.56,2024-10-01,2034,N,VIIRS,n,2,284.83,1.66,N,2
20.86906,84.99046,307.36,0.33,0.56,2024-10-01,2034,N,VIIRS,n,2,285.02,1.27,N,2
20.91027,71.45708,309.24,0.52,0.41,2024-10-01,2034,N,VIIRS,n,2,293.18,1.58,N,2
20.91137,71.4605,312.82,0.52,0.41,2024-10-01,2034,N,VIIRS,n,2,292.96,2.22,N,2
20.96208,85.16418,311.05,0.34,0.56,2024-10-01,2034,N,VIIRS,n,2,289.35,2.5,N,2
20.96576,85.17201,309.64,0.34,0.56,2024-10-01,2034,N,VIIRS,n,2,289.19,2.52,N,2
20.96998,85.15254,306.88,0.34,0.56,2024-10-01,2034,N,VIIRS,n,2,289.81,2.38,N,2
20.97087,85.1733,333.06,0.34,0.56,2024-10-01,2034,N,VIIRS,n,2,289.16,2.03,N,2
20.97597,85.17461,307.48,0.34,0.56,2024-10-01,2034,N,VIIRS,n,2,288.6,2.03,N,2
20.9765,85.14724,306.81,0.34,0.56,2024-10-01,2034,N,VIIRS,n,2,289.79,0.86,N,2
20.97859,85.13754,311.72,0.34,0.56,2024-10-01,2034,N,VIIRS,n,2,290.08,2.26,N,2
21.07379,85.04199,302.57,0.33,0.56,2024-10-01,2034,N,VIIRS,n,2,283.79,0.81,N,2
21.07572,85.0425,313.11,0.33,0.56,2024-10-01,2034,N,VIIRS,n,2,283.25,1.35,N,2
21.07884,85.04327,310.44,0.33,0.56,2024-10-01,2034,N,VIIRS,n,2,282.91,0.81,N,2
21.10041,72.63561,318.26,0.46,0.39,2024-10-01,2034,N,VIIRS,n,2,291.07,3.75,N,2
21.10282,72.64498,314.19,0.46,0.39,2024-10-01,2034,N,VIIRS,n,2,291.36,2.14,N,2
21.10401,72.63617,333.95,0.46,0.39,2024-10-01,2034,N,VIIRS,n,2,292.56,3.75,N,2
21.10642,72.64555,341.16,0.46,0.39,2024-10-01,2034,N,VIIRS,n,2,293.92,29.29,N,2
21.10762,72.63674,311.6,0.46,0.39,2024-10-01,2034,N,VIIRS,n,2,291.65,1.48,N,2
21.11122,72.63731,316.11,0.46,0.39,2024-10-01,2034,N,VIIRS,n,2,292.07,1.48,N,2
21.18091,81.38811,308.74,0.4,0.44,2024-10-01,2034,N,VIIRS,n,2,292.55,1.37,N,3
21.18494,81.38899,308.83,0.4,0.44,2024-10-01,2034,N,VIIRS,n,2,292.77,1.37,N,3
21.18897,81.38987,307.07,0.4,0.44,2024-10-01,2034,N,VIIRS,n,2,292.24,0.8,N,2
21.19299,81.39075,307.19,0.4,0.44,2024-10-01,2034,N,VIIRS,n,2,292.26,0.8,N,2
21.19959,81.4001,338.81,0.4,0.44,2024-10-01,2034,N,VIIRS,n,2,292.66,5.34,N,0
21.20362,81.40098,307.59,0.4,0.44,2024-10-01,2034,N,VIIRS,n,2,291.63,0.62,N,0
21.24526,79.22514,307.3,0.46,0.39,2024-10-01,2034,N,VIIRS,n,2,291.09,1.14,N,2
21.31024,81.59139,306.68,0.41,0.45,2024-10-01,2034,N,VIIRS,n,2,288.98,1.48,N,2
21.37544,81.6409,307.1,0.41,0.45,2024-10-01,2034,N,VIIRS,n,2,291.53,1.89,N,2
21.3761,81.68165,318.86,0.41,0.45,2024-10-01,2034,N,VIIRS,n,2,292.43,2.48,N,2
21.391,81.64837,309.24,0.41,0.45,2024-10-01,2034,N,VIIRS,n,2,292.09,1.71,N,2
21.48531,81.77029,313.47,0.41,0.45,2024-10-01,2034,N,VIIRS,n,2,291.82,1.15,N,2
21.67311,82.08344,312.71,0.43,0.46,2024-10-01,2034,N,VIIRS,n,2,292.73,1.28,N,2
21.67748,84.03935,313.28,0.56,0.52,2024-10-01,2034,N,VIIRS,n,2,282.62,1.47,N,2
21.68218,84.04048,304.75,0.56,0.52,2024-10-01,2034,N,VIIRS,n,2,283.08,1.47,N,2
21.73009,82.21533,310.9,0.43,0.46,2024-10-01,2034,N,VIIRS,n,2,291.82,1.47,N,2
21.75469,84.02477,305.89,0.56,0.51,2024-10-01,2034,N,VIIRS,n,2,280.74,1.6,N,2
21.76518,84.02164,305.42,0.56,0.51,2024-10-01,2034,N,VIIRS,n,2,281.15,2.7,N,2
21.76629,84.01633,302.86,0.56,0.51,2024-10-01,2034,N,VIIRS,n,2,280.98,1.77,N,2
21.78052,83.83109,298.52,0.54,0.51,2024-10-01,2034,N,VIIRS,n,2,274.04,0.79,N,2
21.79296,80.01688,310.38,0.49,0.4,2024-10-01,2034,N,VIIRS,n,2,292.52,1.79,N,0
21.92189,83.35313,310.29,0.5,0.49,2024-10-01,2034,N,VIIRS,n,2,280.43,2.43,N,2
21.92287,83.34828,304.42,0.5,0.49,2024-10-01,2034,N,VIIRS,n,2,279.9,2.25,N,2
21.92483,83.33862,305.64,0.5,0.49,2024-10-01,2034,N,VIIRS,n,2,276.34,0.9,N,2
22.004,82.67035,314.95,0.46,0.47,2024-10-01,2034,N,VIIRS,n,2,286.78,2.12,N,2
22.00459,82.67264,308.25,0.46,0.47,2024-10-01,2034,N,VIIRS,n,2,286.34,1.28,N,2
22.00547,82.66829,303.97,0.46,0.47,2024-10-01,2034,N,VIIRS,n,2,286.34,1.28,N,2
22.03847,83.7326,305.31,0.53,0.5,2024-10-01,2034,N,VIIRS,n,2,284.93,4.34,N,2
22.04198,83.73884,304.83,0.53,0.5,2024-10-01,2034,N,VIIRS,n,2,285.25,2.46,N,2
22.04303,83.73374,339.39,0.53,0.5,2024-10-01,2034,N,VIIRS,n,2,286.6,4.34,N,2
22.04408,83.72864,325.31,0.53,0.5,2024-10-01,2034,N,VIIRS,n,2,284.76,4.34,N,2
22.10607,83.11943,304.32,0.48,0.48,2024-10-01,2034,N,VIIRS,n,2,278.15,1.23,N,2
22.12979,72.76576,313.3,0.46,0.39,2024-10-01,2034,N,VIIRS,n,2,295.59,0.91,N,0
22.26493,75.13623,306.65,0.39,0.36,2024-10-01,2034,N,VIIRS,n,2,294.13,0.58,N,2
22.32436,82.56449,304.52,0.44,0.46,2024-10-01,2034,N,VIIRS,n,2,288.66,1.49,N,2
22.35355,82.3033,313.28,0.43,0.46,2024-10-01,2034,N,VIIRS,n,2,290.93,4.95,N,2
22.35772,82.30421,339.82,0.43,0.46,2024-10-01,2034,N,VIIRS,n,2,296.03,4.95,N,2
22.35853,82.30009,311.24,0.43,0.46,2024-10-01,2034,N,VIIRS,n,2,291.13,4.95,N,2
22.3627,82.30101,326.71,0.43,0.46,2024-10-01,2034,N,VIIRS,n,2,292.14,2.95,N,0
22.97705,72.56528,319.97,0.48,0.4,2024-10-01,2034,N,VIIRS,n,2,295.58,1.52,N,2
23.01309,70.10319,308.56,0.44,0.46,2024-10-01,2034,N,VIIRS,n,2,295.79,2.73,N,2
23.26491,70.26034,309.49,0.43,0.46,2024-10-01,2034,N,VIIRS,n,2,296.22,0.89,N,2
23.31509,70.48794,309.71,0.42,0.45,2024-10-01,2034,N,VIIRS,n,2,296.18,0.81,N,2
15.96234,80.93872,307.3,0.46,0.47,2024-10-01,2035,N,VIIRS,n,2,293.81,0.55,N,0
16.87222,80.02255,307.19,0.39,0.44,2024-10-01,2035,N,VIIRS,n,2,293.53,0.71,N,2
17.60535,83.20312,306.06,0.59,0.53,2024-10-01,2035,N,VIIRS,n,2,290.1,1.8,N,2
17.61017,83.20422,308.3,0.59,0.53,2024-10-01,2035,N,VIIRS,n,2,289.99,1.8,N,2
18.69279,73.0422,308.84,0.42,0.38,2024-10-01,2035,N,VIIRS,n,2,287.38,1.67,N,2
19.10155,73.05439,305.05,0.42,0.38,2024-10-01,2035,N,VIIRS,n,2,287.8,1.16,N,2
19.37006,71.35129,306.97,0.5,0.41,2024-10-01,2035,N,VIIRS,n,2,277.17,1.63,N,3
19.93682,73.71304,314.07,0.41,0.37,2024-10-01,2035,N,VIIRS,n,2,291.42,1.16,N,2
12.37545,79.31463,312.09,0.41,0.45,2024-10-01,2036,N,VIIRS,n,2,291.33,0.92,N,0
12.37957,79.31539,305.02,0.41,0.45,2024-10-01,2036,N,VIIRS,n,2,291.5,0.43,N,0
13.39129,80.10101,305.97,0.45,0.47,2024-10-01,2036,N,VIIRS,n,2,293.04,0.49,N,0
14.99242,76.85094,304.49,0.43,0.38,2024-10-01,2036,N,VIIRS,n,2,291.22,0.65,N,0
15.02394,78.0142,316.36,0.48,0.4,2024-10-01,2036,N,VIIRS,n,2,294.98,4.3,N,2
15.06927,76.86745,305.08,0.43,0.38,2024-10-01,2036,N,VIIRS,n,2,291.56,1.07,N,2
15.15082,76.71159,306.67,0.42,0.38,2024-10-01,2036,N,VIIRS,n,2,292.28,0.71,N,2
15.15223,76.71212,307.13,0.42,0.38,2024-10-01,2036,N,VIIRS,n,2,292.48,0.87,N,2
15.16777,76.67443,307.95,0.42,0.38,2024-10-01,2036,N,VIIRS,n,2,292.23,0.58,N,2
15.168,76.38143,307.96,0.41,0.37,2024-10-01,2036,N,VIIRS,n,2,292.69,1.07,N,2
15.16842,76.67056,305.52,0.42,0.38,2024-10-01,2036,N,VIIRS,n,2,292.75,1.34,N,2
15.17204,76.37823,314.42,0.41,0.37,2024-10-01,2036,N,VIIRS,n,2,293.46,1.88,N,2
15.17317,76.66343,308.13,0.42,0.38,2024-10-01,2036,N,VIIRS,n,2,293.13,1.27,N,2
15.17448,76.65565,320.13,0.42,0.38,2024-10-01,2036,N,VIIRS,n,2,293.17,1.66,N,2
15.17727,76.66016,308.39,0.42,0.38,2024-10-01,2036,N,VIIRS,n,2,292.63,1.27,N,2
15.17772,77.1049,306.95,0.44,0.38,2024-10-01,2036,N,VIIRS,n,2,291.47,1.21,N,2
15.17793,76.65627,319.78,0.42,0.38,2024-10-01,2036,N,VIIRS,n,2,294.45,1.66,N,2
15.17858,76.65238,305.37,0.42,0.38,2024-10-01,2036,N,VIIRS,n,2,292.87,1.66,N,2
15.18006,76.66467,327.35,0.42,0.38,2024-10-01,2036,N,VIIRS,n,2,294.41,3.35,N,2
15.18089,76.68086,329.46,0.42,0.38,2024-10-01,2036,N,VIIRS,n,2,294.02,4.92,N,0
15.18154,76.67696,329.81,0.42,0.38,2024-10-01,2036,N,VIIRS,n,2,292.61,4.92,N,0
15.18398,76.64137,306.08,0.42,0.38,2024-10-01,2036,N,VIIRS,n,2,292.9,1.07,N,2
15.33443,76.28482,310.39,0.41,0.37,2024-10-01,2036,N,VIIRS,n,2,293.44,1.22,N,2
15.33909,76.27788,305.7,0.41,0.37,2024-10-01,2036,N,VIIRS,n,2,294.28,0.79,N,2
15.65916,73.99068,307.83,0.39,0.36,2024-10-01,2036,N,VIIRS,n,2,288.62,0.25,N,2
16.20562,75.20831,303.6,0.39,0.36,2024-10-01,2036,N,VIIRS,n,2,289.29,0.65,N,0
11.18283,79.09962,307.25,0.42,0.45,2024-10-01,2037,N,VIIRS,n,2,287.26,0.78,N,2
11.20431,77.56432,304.04,0.51,0.41,2024-10-01,2037,N,VIIRS,n,2,285.98,0.93,N,0
11.20465,77.56631,305.59,0.51,0.41,2024-10-01,2037,N,VIIRS,n,2,286.32,0.77,N,0
11.81684,77.91888,313.24,0.52,0.42,2024-10-01,2037,N,VIIRS,n,2,287.02,1.65,N,2
11.91851,79.04714,314.69,0.4,0.45,2024-10-01,2037,N,VIIRS,n,2,291.02,1.81,N,0
34.56211,71.00477,297.09,0.73,0.76,2024-10-01,2211,N,VIIRS,n,2,284.42,0.79,N,0
34.56839,71.0528,298.43,0.73,0.76,2024-10-01,2211,N,VIIRS,n,2,286.15,1.83,N,0
34.57146,71.04306,303.93,0.73,0.76,2024-10-01,2211,N,VIIRS,n,2,284.25,1.83,N,0
34.57244,71.04516,319.18,0.73,0.76,2024-10-01,2211,N,VIIRS,n,2,285.02,3.0,N,0
34.57339,71.03693,305.6,0.73,0.76,2024-10-01,2211,N,VIIRS,n,2,285.69,2.22,N,0
34.57434,71.03902,309.0,0.73,0.76,2024-10-01,2211,N,VIIRS,n,2,285.73,3.0,N,0
34.57817,71.04597,307.28,0.73,0.76,2024-10-01,2211,N,VIIRS,n,2,284.38,1.31,N,0
12.86031,99.93265,328.79,0.33,0.55,2024-10-02,603,N,VIIRS,n,2,289.48,2.29,D,0
31.68389,94.29218,330.42,0.62,0.54,2024-10-02,608,N,VIIRS,n,2,304.34,7.91,D,0
36.05565,97.77027,336.57,0.5,0.41,2024-10-02,609,N,VIIRS,n,2,299.36,2.75,D,0
36.22169,99.83201,340.04,0.42,0.38,2024-10-02,609,N,VIIRS,n,2,301.93,5.13,D,0
37.37459,97.35383,339.89,0.5,0.41,2024-10-02,609,N,VIIRS,n,2,301.72,7.47,D,0
39.54729,98.5366,342.45,0.42,0.38,2024-10-02,610,N,VIIRS,n,2,299.21,2.83,D,0
39.54812,98.52119,346.21,0.42,0.38,2024-10-02,610,N,VIIRS,n,2,298.71,3.13,D,0
39.54815,98.54139,353.57,0.42,0.38,2024-10-02,610,N,VIIRS,n,2,299.08,4.01,D,0
39.54898,98.526,351.77,0.42,0.38,2024-10-02,610,N,VIIRS,n,2,298.35,3.13,D,0
39.54901,98.54619,350.01,0.42,0.38,2024-10-02,610,N,VIIRS,n,2,299.51,4.01,D,0
39.54984,98.53079,340.95,0.42,0.38,2024-10-02,610,N,VIIRS,n,2,298.1,2.83,D,0
39.55069,98.53559,347.2,0.42,0.38,2024-10-02,610,N,VIIRS,n,2,298.3,2.83,D,0
39.55156,98.54038,352.11,0.42,0.38,2024-10-02,610,N,VIIRS,n,2,298.85,4.01,D,0
39.5541,98.53456,348.57,0.42,0.38,2024-10-02,610,N,VIIRS,n,2,298.47,3.07,D,0
39.55496,98.53937,348.78,0.42,0.38,2024-10-02,610,N,VIIRS,n,2,298.7,2.69,D,0
39.55751,98.53355,344.69,0.42,0.38,2024-10-02,610,N,VIIRS,n,2,299.03,3.07,D,0
39.55836,98.53835,337.99,0.42,0.38,2024-10-02,610,N,VIIRS,n,2,299.5,2.69,D,0
39.81709,98.37054,345.53,0.42,0.38,2024-10-02,610,N,VIIRS,n,2,302.19,3.25,D,0
39.84317,98.27548,332.06,0.43,0.38,2024-10-02,610,N,VIIRS,n,2,302.61,1.95,D,2
39.92299,98.98752,345.73,0.41,0.37,2024-10-02,610,N,VIIRS,n,2,304.95,3.11,D,0
39.9238,98.99221,348.72,0.41,0.37,2024-10-02,610,N,VIIRS,n,2,305.43,3.11,D,0
39.92552,98.98183,353.61,0.41,0.37,2024-10-02,610,N,VIIRS,n,2,305.15,4.5,D,0
39.92634,98.98651,356.86,0.41,0.37,2024-10-02,610,N,VIIRS,l,2,305.15,5.35,D,0
39.92715,98.9912,353.7,0.41,0.37,2024-10-02,610,N,VIIRS,n,2,305.58,5.35,D,0
39.92805,98.97611,356.33,0.41,0.37,2024-10-02,610,N,VIIRS,l,2,304.2,4.5,D,0
39.92887,98.9808,356.32,0.41,0.37,2024-10-02,610,N,VIIRS,l,2,304.12,4.5,D,0
39.92969,98.98549,346.03,0.41,0.37,2024-10-02,610,N,VIIRS,n,2,304.87,5.35,D,0
39.93141,98.97511,357.07,0.41,0.37,2024-10-02,610,N,VIIRS,l,2,304.14,5.28,D,0
39.93223,98.9798,357.08,0.41,0.37,2024-10-02,610,N,VIIRS,l,2,304.44,5.28,D,0
39.93304,98.9845,343.57,0.41,0.37,2024-10-02,610,N,VIIRS,n,2,305.35,2.76,D,0
39.93476,98.97409,356.81,0.41,0.37,2024-10-02,610,N,VIIRS,n,2,304.56,5.28,D,0
39.93558,98.9788,357.77,0.41,0.37,2024-10-02,610,N,VIIRS,l,2,304.26,5.28,D,0
39.9364,98.98349,342.52,0.41,0.37,2024-10-02,610,N,VIIRS,n,2,305.19,2.76,D,0
39.94719,99.00496,352.21,0.41,0.37,2024-10-02,610,N,VIIRS,n,2,304.95,3.44,D,0
39.94728,98.98517,356.37,0.41,0.37,2024-10-02,610,N,VIIRS,l,2,305.12,3.95,D,0
39.94799,99.00964,356.99,0.41,0.37,2024-10-02,610,N,VIIRS,l,2,304.33,3.86,D,0
39.94809,98.98988,346.57,0.41,0.37,2024-10-02,610,N,VIIRS,n,2,304.2,3.55,D,0
39.94881,99.01433,337.13,0.41,0.37,2024-10-02,610,N,VIIRS,n,2,304.63,3.86,D,0
39.94891,98.99458,343.71,0.41,0.37,2024-10-02,610,N,VIIRS,n,2,304.22,3.55,D,0
39.95054,99.00396,356.37,0.41,0.37,2024-10-02,610,N,VIIRS,l,2,304.5,7.67,D,0
39.95063,98.98418,349.47,0.41,0.37,2024-10-02,610,N,VIIRS,n,2,304.91,3.95,D,0
39.95135,99.00865,356.36,0.41,0.37,2024-10-02,610,N,VIIRS,l,2,304.39,4.5,D,0
39.95145,98.98888,356.52,0.41,0.37,2024-10-02,610,N,VIIRS,l,2,304.09,3.55,D,0
39.95216,99.01334,353.31,0.41,0.37,2024-10-02,610,N,VIIRS,n,2,303.7,4.5,D,0
39.95226,98.99357,356.54,0.41,0.37,2024-10-02,610,N,VIIRS,l,2,303.62,3.55,D,0
39.9547,99.00765,347.09,0.41,0.37,2024-10-02,610,N,VIIRS,n,2,304.45,4.5,D,0
39.95561,98.99258,340.73,0.41,0.37,2024-10-02,610,N,VIIRS,n,2,304.09,1.68,D,0
39.96304,99.01505,356.79,0.41,0.37,2024-10-02,610,N,VIIRS,l,2,304.43,4.64,D,0
39.96385,99.01974,356.0,0.41,0.37,2024-10-02,610,N,VIIRS,n,2,305.5,4.64,D,0
39.96466,99.02441,356.79,0.41,0.37,2024-10-02,610,N,VIIRS,l,2,305.01,3.27,D,0
39.96547,99.02911,345.72,0.41,0.37,2024-10-02,610,N,VIIRS,n,2,305.68,3.27,D,0
39.96628,99.03379,336.41,0.41,0.37,2024-10-02,610,N,VIIRS,n,2,305.73,1.52,D,0
39.9672,99.01874,356.19,0.41,0.37,2024-10-02,610,N,VIIRS,n,2,305.86,4.88,D,0
39.96801,99.02343,351.71,0.41,0.37,2024-10-02,610,N,VIIRS,n,2,305.85,3.84,D,0
39.96882,99.02811,352.73,0.41,0.37,2024-10-02,610,N,VIIRS,n,2,305.95,3.84,D,0
39.96963,99.0328,356.7,0.41,0.37,2024-10-02,610,N,VIIRS,l,2,305.39,3.41,D,0
39.97298,99.03181,331.97,0.41,0.37,2024-10-02,610,N,VIIRS,l,2,305.55,3.41,D,0
39.98224,99.02418,330.22,0.41,0.37,2024-10-02,610,N,VIIRS,l,2,304.8,1.45,D,0
39.98478,99.01851,335.6,0.41,0.37,2024-10-02,610,N,VIIRS,n,2,304.44,1.45,D,0
39.98559,99.0232,340.5,0.41,0.37,2024-10-02,610,N,VIIRS,n,2,304.28,1.45,D,0
8.03881,81.27777,342.66,0.45,0.39,2024-10-02,742,N,VIIRS,l,2,297.71,9.37,D,0
8.15132,81.35205,330.79,0.45,0.39,2024-10-02,742,N,VIIRS,l,2,301.0,5.29,D,0
8.70468,80.01455,335.63,0.52,0.41,2024-10-02,743,N,VIIRS,l,2,297.17,9.3,D,0
8.71175,80.46852,337.81,0.49,0.4,2024-10-02,743,N,VIIRS,n,2,299.05,9.35,D,0
9.04564,79.80334,335.31,0.52,0.42,2024-10-02,743,N,VIIRS,n,2,297.43,5.38,D,0
9.27991,80.15445,330.11,0.5,0.41,2024-10-02,743,N,VIIRS,l,2,299.51,8.6,D,0
9.3439,80.66594,335.51,0.47,0.4,2024-10-02,743,N,VIIRS,l,2,300.48,5.45,D,0
9.34822,80.66959,336.01,0.47,0.4,2024-10-02,743,N,VIIRS,l,2,299.83,19.81,D,0
9.64724,77.72556,355.8,0.46,0.47,2024-10-02,743,N,VIIRS,n,2,296.04,8.79,D,0
10.26665,79.30271,334.91,0.54,0.42,2024-10-02,743,N,VIIRS,n,2,295.02,1.68,D,0
10.26716,79.29987,334.59,0.54,0.42,2024-10-02,743,N,VIIRS,n,2,294.52,4.4,D,0
10.70557,79.39891,330.51,0.52,0.42,2024-10-02,743,N,VIIRS,n,2,295.58,3.43,D,0
10.76375,78.47916,342.88,0.4,0.44,2024-10-02,743,N,VIIRS,n,2,300.19,4.04,D,0
10.98648,79.68623,337.13,0.5,0.41,2024-10-02,743,N,VIIRS,n,2,297.53,3.95,D,0
11.06649,79.30975,337.75,0.52,0.42,2024-10-02,743,N,VIIRS,n,2,299.43,3.61,D,0
11.98802,77.08569,339.53,0.46,0.47,2024-10-02,744,N,VIIRS,n,2,293.75,12.74,D,0
12.15593,79.67502,341.67,0.49,0.4,2024-10-02,744,N,VIIRS,n,2,301.13,5.67,D,0
12.15794,79.67574,342.87,0.49,0.4,2024-10-02,744,N,VIIRS,n,2,299.66,4.11,D,0
12.61123,79.49854,330.16,0.49,0.4,2024-10-02,744,N,VIIRS,l,2,299.38,2.08,D,0
12.61922,79.79068,331.61,0.47,0.4,2024-10-02,744,N,VIIRS,l,2,301.39,3.5,D,0
12.62246,79.79099,333.99,0.47,0.4,2024-10-02,744,N,VIIRS,l,2,301.12,4.7,D,0
12.62321,79.6608,334.44,0.48,0.4,2024-10-02,744,N,VIIRS,n,2,299.02,2.16,D,0
12.63161,77.66615,331.76,0.42,0.45,2024-10-02,744,N,VIIRS,n,2,301.16,4.01,D,0
12.67172,79.61166,332.66,0.48,0.4,2024-10-02,744,N,VIIRS,n,2,299.76,4.12,D,0
12.71563,79.49583,333.48,0.49,0.4,2024-10-02,744,N,VIIRS,l,2,301.1,4.88,D,0
13.00888,78.40757,332.26,0.55,0.43,2024-10-02,744,N,VIIRS,n,2,298.97,5.29,D,0
13.04927,79.70494,334.29,0.47,0.4,2024-10-02,744,N,VIIRS,n,2,298.02,2.91,D,0
13.09839,77.97666,334.03,0.39,0.44,2024-10-02,744,N,VIIRS,l,2,305.86,5.87,D,0
14.15426,79.99511,348.32,0.45,0.39,2024-10-02,744,N,VIIRS,n,2,303.46,11.57,D,0
14.37429,80.10491,334.31,0.44,0.38,2024-10-02,744,N,VIIRS,l,2,301.61,5.19,D,0
14.63814,79.41019,336.05,0.47,0.39,2024-10-02,744,N,VIIRS,l,2,302.95,10.99,D,0
14.72342,77.61634,348.07,0.39,0.44,2024-10-02,744,N,VIIRS,n,2,298.93,15.36,D,0
15.70661,75.63572,332.49,0.5,0.49,2024-10-02,745,N,VIIRS,n,2,300.62,3.36,D,0
15.94835,78.27977,334.16,0.51,0.41,2024-10-02,745,N,VIIRS,n,2,298.33,3.5,D,0
16.44868,79.59677,332.73,0.44,0.38,2024-10-02,745,N,VIIRS,n,2,300.33,3.3,D,0
16.54006,80.43896,333.86,0.41,0.37,2024-10-02,745,N,VIIRS,n,2,297.29,3.6,D,0
16.65399,80.38768,333.21,0.41,0.37,2024-10-02,745,N,VIIRS,n,2,300.72,2.35,D,0
16.94888,81.14681,344.46,0.39,0.36,2024-10-02,745,N,VIIRS,n,2,298.42,5.97,D,0
18.69343,78.25878,330.15,0.47,0.4,2024-10-02,745,N,VIIRS,n,2,298.37,2.63,D,0
18.80709,78.43832,330.23,0.46,0.39,2024-10-02,745,N,VIIRS,n,2,299.92,2.09,D,0
18.81955,78.35932,334.0,0.47,0.39,2024-10-02,745,N,VIIRS,n,2,299.51,4.59,D,0
18.46526,74.24795,341.42,0.54,0.51,2024-10-02,746,N,VIIRS,n,2,295.91,6.22,D,0
18.46778,74.25025,341.91,0.54,0.51,2024-10-02,746,N,VIIRS,n,2,295.07,6.29,D,0
21.10498,72.63696,339.05,0.61,0.53,2024-10-02,746,N,VIIRS,n,2,292.98,10.5,D,2
21.10619,72.64281,342.18,0.61,0.53,2024-10-02,746,N,VIIRS,n,2,293.96,12.15,D,2
21.1074,72.64864,331.83,0.61,0.53,2024-10-02,746,N,VIIRS,n,2,293.39,12.15,D,2
22.35666,82.30401,346.89,0.4,0.37,2024-10-02,746,N,VIIRS,n,2,297.43,6.23,D,2
22.36003,82.30344,340.49,0.4,0.37,2024-10-02,746,N,VIIRS,n,2,296.08,6.23,D,0
23.16665,82.34275,340.03,0.4,0.37,2024-10-02,746,N,VIIRS,n,2,300.35,4.75,D,2
26.61166,77.80621,336.05,0.41,0.37,2024-10-02,748,N,VIIRS,n,2,305.21,3.88,D,0
26.61246,77.8091,333.32,0.41,0.37,2024-10-02,748,N,VIIRS,l,2,304.23,2.42,D,0
28.02032,77.29484,341.32,0.41,0.37,2024-10-02,748,N,VIIRS,n,2,308.4,2.63,D,0
28.02233,77.2858,345.12,0.41,0.37,2024-10-02,748,N,VIIRS,n,2,310.9,12.29,D,0
28.02593,78.37438,333.15,0.39,0.36,2024-10-02,748,N,VIIRS,n,2,305.77,1.86,D,0
28.02644,78.20662,334.79,0.39,0.36,2024-10-02,748,N,VIIRS,n,2,305.47,2.87,D,0
28.20825,80.23085,333.58,0.39,0.36,2024-10-02,748,N,VIIRS,n,2,301.29,2.81,D,0
28.21758,76.84863,340.75,0.42,0.38,2024-10-02,748,N,VIIRS,n,2,312.15,1.91,D,0
28.3,77.52251,335.93,0.4,0.37,2024-10-02,748,N,VIIRS,n,2,305.7,6.33,D,0
28.30338,77.5218,339.76,0.4,0.37,2024-10-02,748,N,VIIRS,n,2,306.39,6.33,D,0
28.30367,77.52212,334.84,0.4,0.37,2024-10-02,748,N,VIIRS,l,2,304.88,7.86,D,0
28.35041,77.2776,340.32,0.41,0.37,2024-10-02,748,N,VIIRS,n,2,311.96,4.74,D,0
28.40818,77.90263,333.57,0.4,0.37,2024-10-02,748,N,VIIRS,n,2,304.45,1.7,D,0
28.40914,78.142,349.6,0.39,0.36,2024-10-02,748,N,VIIRS,n,2,307.64,6.23,D,0
28.42466,79.36497,331.16,0.38,0.36,2024-10-02,748,N,VIIRS,l,2,305.61,1.26,D,0
28.52753,79.98579,335.12,0.39,0.36,2024-10-02,748,N,VIIRS,n,2,301.56,2.41,D,0
28.65341,78.36727,331.73,0.39,0.36,2024-10-02,748,N,VIIRS,l,2,306.65,1.52,D,0
28.70678,76.95717,336.54,0.42,0.37,2024-10-02,748,N,VIIRS,n,2,309.91,3.07,D,0
28.7102,76.95642,347.94,0.42,0.37,2024-10-02,748,N,VIIRS,n,2,310.08,3.07,D,0
28.87221,79.71116,332.44,0.39,0.36,2024-10-02,748,N,VIIRS,n,2,299.61,2.82,D,0
29.01625,77.12743,340.21,0.41,0.37,2024-10-02,748,N,VIIRS,n,2,307.35,7.05,D,0
29.027,77.10784,332.3,0.41,0.37,2024-10-02,748,N,VIIRS,n,2,303.37,2.74,D,0
29.04395,77.10417,335.44,0.41,0.37,2024-10-02,748,N,VIIRS,n,2,305.36,2.86,D,0
29.05342,77.09779,330.91,0.41,0.37,2024-10-02,748,N,VIIRS,l,2,305.86,1.42,D,0
29.06438,77.12132,332.13,0.41,0.37,2024-10-02,748,N,VIIRS,n,2,305.48,2.15,D,0
29.06906,77.10735,330.88,0.41,0.37,2024-10-02,748,N,VIIRS,n,2,305.74,1.34,D,0
29.12246,77.1136,335.07,0.41,0.37,2024-10-02,748,N,VIIRS,n,2,306.34,3.14,D,0
29.50824,76.86359,339.98,0.41,0.37,2024-10-02,748,N,VIIRS,n,2,307.29,2.84,D,0
29.55343,77.23741,334.18,0.4,0.37,2024-10-02,748,N,VIIRS,n,2,305.94,2.85,D,0
29.4802,71.24123,342.99,0.5,0.49,2024-10-02,749,N,VIIRS,n,2,311.61,8.27,D,0
29.48884,74.59136,333.65,0.5,0.41,2024-10-02,749,N,VIIRS,n,2,302.97,3.46,D,0
29.68547,75.87846,341.1,0.44,0.38,2024-10-02,749,N,VIIRS,n,2,304.37,6.25,D,0
29.73604,76.06236,333.42,0.43,0.38,2024-10-02,749,N,VIIRS,n,2,303.85,2.46,D,0
29.76071,71.30083,343.62,0.49,0.49,2024-10-02,749,N,VIIRS,n,2,311.28,6.43,D,0
29.80087,76.97517,331.4,0.41,0.37,2024-10-02,749,N,VIIRS,n,2,304.81,1.27,D,0
29.80484,76.95696,333.73,0.41,0.37,2024-10-02,749,N,VIIRS,n,2,305.91,2.15,D,0
29.89776,76.79794,333.46,0.41,0.37,2024-10-02,749,N,VIIRS,n,2,305.29,2.9,D,0
29.91231,76.65928,334.67,0.41,0.37,2024-10-02,749,N,VIIRS,n,2,305.56,3.0,D,0
29.97279,76.25317,337.86,0.42,0.38,2024-10-02,749,N,VIIRS,n,2,306.4,3.53,D,0
29.99433,76.87314,340.71,0.41,0.37,2024-10-02,749,N,VIIRS,n,2,304.98,3.82,D,0
30.02757,76.88316,334.34,0.41,0.37,2024-10-02,749,N,VIIRS,n,2,305.43,2.54,D,0
30.03095,76.88241,331.39,0.41,0.37,2024-10-02,749,N,VIIRS,n,2,304.13,2.54,D,0
30.0881,76.76154,346.33,0.41,0.37,2024-10-02,749,N,VIIRS,n,2,305.76,5.85,D,0
30.17404,76.39767,333.16,0.42,0.38,2024-10-02,749,N,VIIRS,n,2,304.25,4.08,D,0
30.18451,72.77556,346.18,0.4,0.44,2024-10-02,749,N,VIIRS,n,2,308.49,17.05,D,0
30.19837,76.38046,344.9,0.42,0.38,2024-10-02,749,N,VIIRS,n,2,307.59,12.32,D,0
30.23011,75.58894,330.73,0.45,0.39,2024-10-02,749,N,VIIRS,l,2,301.2,4.86,D,0
30.23345,72.93439,335.1,0.39,0.44,2024-10-02,749,N,VIIRS,n,2,305.98,2.64,D,0
30.25012,72.89166,339.17,0.39,0.44,2024-10-02,749,N,VIIRS,n,2,307.58,3.64,D,0
30.27287,75.64716,332.34,0.44,0.39,2024-10-02,749,N,VIIRS,n,2,302.01,2.78,D,0
30.3198,75.66457,334.24,0.44,0.38,2024-10-02,749,N,VIIRS,n,2,301.94,2.45,D,0
30.3705,73.73133,337.31,0.53,0.42,2024-10-02,749,N,VIIRS,n,2,306.65,5.56,D,0
30.39281,73.10231,341.88,0.38,0.43,2024-10-02,749,N,VIIRS,n,2,307.48,5.52,D,0
30.39822,73.62567,332.87,0.54,0.42,2024-10-02,749,N,VIIRS,n,2,305.72,1.63,D,0
30.42316,73.90049,331.56,0.52,0.42,2024-10-02,749,N,VIIRS,n,2,303.57,2.82,D,0
30.43508,77.15855,331.96,0.4,0.37,2024-10-02,749,N,VIIRS,n,2,304.57,2.07,D,0
30.44707,72.84451,333.63,0.39,0.44,2024-10-02,749,N,VIIRS,n,2,304.61,1.84,D,0
30.45359,73.47378,337.24,0.55,0.43,2024-10-02,749,N,VIIRS,n,2,308.72,5.57,D,0
30.45746,73.47278,335.99,0.55,0.43,2024-10-02,749,N,VIIRS,n,2,306.06,3.07,D,0
30.45911,73.41882,342.77,0.55,0.43,2024-10-02,749,N,VIIRS,n,2,308.63,10.26,D,0
30.46298,73.41781,337.21,0.55,0.43,2024-10-02,749,N,VIIRS,n,2,303.82,6.11,D,0
30.50989,73.88716,334.0,0.52,0.42,2024-10-02,749,N,VIIRS,n,2,306.15,3.23,D,0
30.55175,73.71127,335.17,0.53,0.42,2024-10-02,749,N,VIIRS,n,2,304.98,8.58,D,0
30.55995,72.02377,338.47,0.43,0.46,2024-10-02,749,N,VIIRS,n,2,308.08,4.43,D,0
30.5604,72.02242,341.7,0.43,0.46,2024-10-02,749,N,VIIRS,n,2,307.76,4.01,D,0
30.56144,73.36024,338.03,0.55,0.43,2024-10-02,749,N,VIIRS,n,2,308.36,5.56,D,0
30.57105,73.85465,331.42,0.52,0.42,2024-10-02,749,N,VIIRS,l,2,303.35,1.8,D,0
30.58352,73.79471,337.29,0.53,0.42,2024-10-02,749,N,VIIRS,n,2,305.09,3.65,D,0
30.5938,73.89717,330.65,0.52,0.41,2024-10-02,749,N,VIIRS,l,2,303.95,4.59,D,0
30.59386,73.5062,334.66,0.54,0.42,2024-10-02,749,N,VIIRS,n,2,304.27,3.1,D,0
30.59531,73.89922,333.15,0.52,0.42,2024-10-02,749,N,VIIRS,n,2,303.47,4.3,D,0
30.60371,73.5154,333.81,0.54,0.42,2024-10-02,749,N,VIIRS,l,2,306.13,5.6,D,0
30.61278,73.58328,335.11,0.54,0.42,2024-10-02,749,N,VIIRS,n,2,305.07,4.03,D,0
30.65042,73.59103,336.16,0.54,0.42,2024-10-02,749,N,VIIRS,n,2,305.34,3.98,D,0
30.65078,73.58944,334.4,0.54,0.42,2024-10-02,749,N,VIIRS,n,2,304.36,4.01,D,0
30.68295,73.99181,334.16,0.51,0.41,2024-10-02,749,N,VIIRS,n,2,303.45,3.02,D,0
30.71425,72.96088,336.67,0.38,0.43,2024-10-02,749,N,VIIRS,n,2,306.38,4.49,D,0
30.71918,73.54848,334.07,0.54,0.42,2024-10-02,749,N,VIIRS,n,2,305.46,4.31,D,0
30.7472,72.49303,334.5,0.41,0.45,2024-10-02,749,N,VIIRS,n,2,305.21,2.14,D,0
30.75408,74.20409,337.67,0.5,0.41,2024-10-02,749,N,VIIRS,n,2,305.99,3.92,D,0
30.75779,74.20316,336.75,0.5,0.41,2024-10-02,749,N,VIIRS,n,2,303.78,3.92,D,0
30.77457,73.28934,335.18,0.55,0.43,2024-10-02,749,N,VIIRS,n,2,305.81,4.81,D,0
30.78445,74.01408,331.5,0.51,0.41,2024-10-02,749,N,VIIRS,n,2,304.47,2.78,D,0
30.79007,73.36897,340.83,0.55,0.43,2024-10-02,749,N,VIIRS,n,2,304.79,5.26,D,0
30.8088,74.10132,333.25,0.5,0.41,2024-10-02,749,N,VIIRS,l,2,306.14,2.32,D,0
30.81322,73.36292,336.04,0.55,0.43,2024-10-02,749,N,VIIRS,n,2,305.04,3.95,D,0
30.83438,73.30746,337.7,0.55,0.43,2024-10-02,749,N,VIIRS,n,2,303.47,4.15,D,0
30.8412,73.38307,331.52,0.55,0.42,2024-10-02,749,N,VIIRS,n,2,304.12,7.33,D,0
30.84232,73.38871,334.19,0.55,0.42,2024-10-02,749,N,VIIRS,n,2,305.5,7.33,D,0
30.8552,76.31781,331.12,0.42,0.37,2024-10-02,749,N,VIIRS,l,2,302.16,2.61,D,0
30.86585,70.71854,340.83,0.51,0.49,2024-10-02,749,N,VIIRS,l,2,311.42,4.88,D,0
30.86591,73.3231,343.55,0.55,0.43,2024-10-02,749,N,VIIRS,n,2,304.2,6.77,D,0
30.87523,73.26681,337.21,0.55,0.43,2024-10-02,749,N,VIIRS,n,2,304.62,12.41,D,0
30.88406,73.47793,335.32,0.54,0.42,2024-10-02,749,N,VIIRS,n,2,303.74,5.78,D,0
30.92937,74.13911,336.39,0.5,0.41,2024-10-02,749,N,VIIRS,n,2,305.18,3.49,D,0
31.03767,74.4741,331.07,0.48,0.4,2024-10-02,749,N,VIIRS,l,2,305.29,5.39,D,0
31.04018,74.47581,337.36,0.48,0.4,2024-10-02,749,N,VIIRS,n,2,305.34,3.51,D,0
31.04105,74.31761,338.67,0.49,0.4,2024-10-02,749,N,VIIRS,n,2,305.75,4.76,D,0
31.04119,74.33879,334.17,0.49,0.4,2024-10-02,749,N,VIIRS,n,2,304.83,2.28,D,0
31.05033,74.62658,330.09,0.47,0.4,2024-10-02,749,N,VIIRS,l,2,304.36,2.03,D,0
31.05681,74.52378,346.29,0.48,0.4,2024-10-02,749,N,VIIRS,n,2,306.2,11.42,D,0
31.07952,74.29729,337.63,0.49,0.4,2024-10-02,749,N,VIIRS,n,2,306.18,3.77,D,0
31.08603,74.31161,346.82,0.49,0.4,2024-10-02,749,N,VIIRS,n,2,308.35,10.29,D,0
31.09482,75.2009,330.13,0.45,0.39,2024-10-02,749,N,VIIRS,l,2,302.99,2.12,D,0
31.10804,74.3061,336.46,0.49,0.4,2024-10-02,749,N,VIIRS,n,2,307.92,5.09,D,0
31.10946,74.3031,340.17,0.49,0.4,2024-10-02,749,N,VIIRS,n,2,308.27,5.77,D,0
31.17033,75.17945,338.02,0.45,0.39,2024-10-02,749,N,VIIRS,n,2,303.2,3.99,D,0
31.17386,75.1786,339.94,0.45,0.39,2024-10-02,749,N,VIIRS,n,2,302.05,3.99,D,0
31.21703,74.36594,342.91,0.48,0.4,2024-10-02,749,N,VIIRS,n,2,303.52,5.81,D,0
31.26772,75.2093,330.96,0.45,0.39,2024-10-02,749,N,VIIRS,l,2,303.94,2.06,D,0
31.29321,76.49734,345.71,0.41,0.37,2024-10-02,749,N,VIIRS,n,2,304.77,3.54,D,0
31.30317,74.2841,337.32,0.49,0.4,2024-10-02,749,N,VIIRS,n,2,306.82,6.73,D,0
31.30411,74.28916,334.68,0.49,0.4,2024-10-02,749,N,VIIRS,l,2,305.97,5.74,D,0
31.3442,75.23129,334.23,0.45,0.39,2024-10-02,749,N,VIIRS,n,2,304.6,5.26,D,0
31.38254,71.01035,338.75,0.47,0.48,2024-10-02,749,N,VIIRS,n,2,312.0,4.14,D,0
31.38687,71.00908,339.17,0.47,0.48,2024-10-02,749,N,VIIRS,l,2,311.33,5.07,D,0
31.41998,73.19137,335.96,0.55,0.42,2024-10-02,749,N,VIIRS,n,2,304.91,8.1,D,0
31.43825,74.92184,339.56,0.46,0.39,2024-10-02,749,N,VIIRS,n,2,305.03,9.31,D,0
31.45244,72.43906,343.68,0.4,0.44,2024-10-02,749,N,VIIRS,n,2,303.6,6.46,D,0
31.45426,74.55129,337.42,0.47,0.4,2024-10-02,749,N,VIIRS,n,2,305.64,2.92,D,0
31.47411,74.55661,347.94,0.47,0.4,2024-10-02,749,N,VIIRS,n,2,307.11,6.53,D,0
31.475,74.56152,332.99,0.47,0.4,2024-10-02,749,N,VIIRS,l,2,306.29,4.04,D,0
31.49469,74.85517,335.71,0.46,0.39,2024-10-02,749,N,VIIRS,n,2,304.35,4.24,D,0
31.52405,74.8529,334.17,0.46,0.39,2024-10-02,749,N,VIIRS,n,2,304.13,5.21,D,0
31.54076,74.59327,332.94,0.47,0.4,2024-10-02,749,N,VIIRS,n,2,306.06,2.77,D,0
31.64387,74.43598,339.24,0.47,0.4,2024-10-02,749,N,VIIRS,n,2,306.62,3.25,D,0
31.66555,74.59498,333.51,0.47,0.39,2024-10-02,749,N,VIIRS,n,2,302.47,2.51,D,0
31.67643,74.44847,330.97,0.47,0.4,2024-10-02,749,N,VIIRS,l,2,305.49,2.19,D,0
31.69064,75.25881,342.63,0.44,0.38,2024-10-02,749,N,VIIRS,n,2,304.53,11.41,D,0
31.69219,73.07121,347.38,0.55,0.42,2024-10-02,749,N,VIIRS,n,2,305.22,11.48,D,0
31.7213,73.03335,341.81,0.55,0.43,2024-10-02,749,N,VIIRS,n,2,305.69,9.3,D,0
31.75476,72.2258,344.08,0.4,0.44,2024-10-02,749,N,VIIRS,n,2,302.47,3.86,D,0
31.76994,74.92501,340.93,0.45,0.39,2024-10-02,749,N,VIIRS,n,2,305.44,6.54,D,0
31.77184,74.92625,341.56,0.45,0.39,2024-10-02,749,N,VIIRS,n,2,306.3,4.94,D,0
31.79623,74.44622,334.17,0.47,0.4,2024-10-02,749,N,VIIRS,n,2,303.64,5.96,D,0
31.79681,74.44926,346.14,0.47,0.4,2024-10-02,749,N,VIIRS,n,2,305.29,8.87,D,0
31.79713,74.45116,333.0,0.47,0.4,2024-10-02,749,N,VIIRS,l,2,303.72,5.96,D,0
31.79804,74.43544,339.87,0.47,0.4,2024-10-02,749,N,VIIRS,n,2,304.78,3.07,D,0
31.79894,74.44038,332.36,0.47,0.4,2024-10-02,749,N,VIIRS,l,2,305.59,3.07,D,0
31.79949,74.44342,334.19,0.47,0.4,2024-10-02,749,N,VIIRS,l,2,304.7,7.34,D,0
31.82409,72.99771,331.47,0.55,0.43,2024-10-02,749,N,VIIRS,l,2,302.62,4.45,D,0
31.86598,74.27059,339.22,0.48,0.4,2024-10-02,749,N,VIIRS,n,2,305.44,4.3,D,0
31.88135,73.80759,333.95,0.5,0.41,2024-10-02,749,N,VIIRS,n,2,304.22,1.64,D,0
31.90171,74.14253,340.59,0.48,0.4,2024-10-02,749,N,VIIRS,n,2,306.82,10.87,D,0
31.92523,73.87033,337.84,0.5,0.41,2024-10-02,749,N,VIIRS,n,2,304.65,7.32,D,0
31.92645,74.74664,338.69,0.46,0.39,2024-10-02,749,N,VIIRS,n,2,303.5,7.61,D,0
31.92827,74.90011,333.63,0.45,0.39,2024-10-02,749,N,VIIRS,n,2,303.93,3.37,D,0
31.94837,73.58183,337.33,0.51,0.41,2024-10-02,749,N,VIIRS,n,2,307.78,9.88,D,0
31.95211,73.58084,332.99,0.51,0.41,2024-10-02,749,N,VIIRS,n,2,301.66,9.88,D,0
31.96273,70.90006,333.76,0.47,0.48,2024-10-02,749,N,VIIRS,n,2,305.7,2.92,D,0
31.97603,70.61969,337.58,0.49,0.48,2024-10-02,749,N,VIIRS,n,2,307.32,2.26,D,0
31.98766,70.84421,340.63,0.47,0.48,2024-10-02,749,N,VIIRS,n,2,306.33,3.45,D,0
32.03828,74.59179,330.28,0.46,0.39,2024-10-02,749,N,VIIRS,n,2,302.69,3.0,D,0
32.04447,72.4087,338.92,0.39,0.44,2024-10-02,749,N,VIIRS,n,2,302.03,4.3,D,0
32.04528,72.41277,340.86,0.39,0.44,2024-10-02,749,N,VIIRS,n,2,302.49,4.3,D,0
32.05874,74.43887,330.06,0.47,0.4,2024-10-02,749,N,VIIRS,n,2,303.07,2.04,D,0
32.32232,73.99193,331.3,0.48,0.4,2024-10-02,749,N,VIIRS,n,2,304.98,3.59,D,0
32.32327,73.99702,337.39,0.48,0.4,2024-10-02,749,N,VIIRS,n,2,305.04,3.59,D,0
32.55058,73.31861,331.81,0.52,0.41,2024-10-02,749,N,VIIRS,n,2,303.41,2.45,D,0
32.61111,74.33041,330.96,0.46,0.39,2024-10-02,749,N,VIIRS,l,2,305.14,3.63,D,0
32.79621,72.03683,343.35,0.39,0.44,2024-10-02,750,N,VIIRS,n,2,306.11,3.25,D,0
33.47449,70.61905,340.79,0.45,0.47,2024-10-02,750,N,VIIRS,n,2,307.34,11.54,D,0
34.04652,74.82632,338.31,0.43,0.38,2024-10-02,750,N,VIIRS,n,2,305.74,4.06,D,0
34.04723,74.823,333.18,0.43,0.38,2024-10-02,750,N,VIIRS,l,2,304.2,1.9,D,0
34.57864,71.05177,341.53,0.41,0.45,2024-10-02,750,N,VIIRS,n,2,302.84,17.83,D,0
35.26893,73.08923,337.83,0.48,0.4,2024-10-02,750,N,VIIRS,n,2,300.09,7.55,D,0
35.26979,73.09376,342.21,0.48,0.4,2024-10-02,750,N,VIIRS,n,2,303.35,7.55,D,0
35.2707,73.09853,328.16,0.48,0.4,2024-10-02,750,N,VIIRS,n,2,300.38,3.63,D,0
35.27254,73.08826,334.4,0.48,0.4,2024-10-02,750,N,VIIRS,n,2,305.34,10.79,D,0
35.27349,73.09318,350.28,0.48,0.4,2024-10-02,750,N,VIIRS,n,2,305.49,10.79,D,0
35.27443,73.09813,328.98,0.48,0.4,2024-10-02,750,N,VIIRS,n,2,293.65,3.73,D,0
39.40768,75.73113,333.89,0.38,0.36,2024-10-02,751,N,VIIRS,n,2,299.62,2.59,D,0
39.78825,97.90976,298.46,0.45,0.63,2024-10-02,1829,N,VIIRS,n,2,274.29,0.79,N,2
39.78887,98.29871,304.52,0.43,0.62,2024-10-02,1829,N,VIIRS,n,2,278.84,0.95,N,2
39.79412,97.91006,298.9,0.45,0.63,2024-10-02,1829,N,VIIRS,n,2,276.81,0.79,N,2
39.8121,98.29522,301.5,0.43,0.62,2024-10-02,1829,N,VIIRS,n,2,282.82,1.51,N,2
39.81286,98.29611,295.14,0.43,0.62,2024-10-02,1829,N,VIIRS,n,2,282.09,1.81,N,2
39.82045,98.24005,295.27,0.43,0.62,2024-10-02,1829,N,VIIRS,n,2,277.86,0.87,N,2
39.79074,97.90956,315.47,0.36,0.57,2024-10-02,2009,N,VIIRS,n,2,276.88,1.63,N,2
39.79105,98.2994,302.23,0.38,0.58,2024-10-02,2009,N,VIIRS,n,2,278.13,0.78,N,2
39.84366,98.27621,308.29,0.37,0.58,2024-10-02,2009,N,VIIRS,n,2,277.59,1.01,N,2
39.84991,98.27445,295.38,0.37,0.58,2024-10-02,2009,N,VIIRS,n,2,277.03,0.48,N,2
39.86074,98.25574,298.94,0.37,0.58,2024-10-02,2009,N,VIIRS,n,2,277.87,0.82,N,2
37.34595,97.41001,301.07,0.39,0.6,2024-10-02,2010,N,VIIRS,n,2,278.81,0.82,N,2
35.26833,73.09716,312.17,0.38,0.59,2024-10-02,2011,N,VIIRS,n,2,285.56,2.27,N,0
35.26879,73.09704,314.07,0.38,0.59,2024-10-02,2011,N,VIIRS,n,2,285.88,1.57,N,0
35.26898,73.09384,296.39,0.38,0.59,2024-10-02,2011,N,VIIRS,n,2,285.22,1.57,N,0
35.49242,73.57822,299.16,0.36,0.57,2024-10-02,2011,N,VIIRS,n,2,285.55,0.48,N,0
35.7132,73.66248,320.04,0.36,0.57,2024-10-02,2011,N,VIIRS,n,2,284.31,1.54,N,0
36.99795,80.19328,296.42,0.5,0.41,2024-10-02,2011,N,VIIRS,n,2,282.37,1.53,N,2
32.29255,70.72989,312.91,0.49,0.65,2024-10-02,2012,N,VIIRS,n,2,298.84,2.73,N,2
33.23655,71.51655,306.53,0.45,0.63,2024-10-02,2012,N,VIIRS,n,2,293.47,0.7,N,0
33.23685,71.51155,308.94,0.45,0.63,2024-10-02,2012,N,VIIRS,n,2,293.75,1.15,N,0
33.46972,70.60817,303.87,0.51,0.66,2024-10-02,2012,N,VIIRS,n,2,291.69,1.0,N,0
33.67377,75.69119,299.33,0.52,0.5,2024-10-02,2012,N,VIIRS,n,2,282.49,0.9,N,0
33.68621,72.71202,304.92,0.39,0.59,2024-10-02,2012,N,VIIRS,n,2,293.42,0.69,N,2
34.58191,71.05785,305.69,0.49,0.65,2024-10-02,2012,N,VIIRS,n,2,284.91,0.67,N,0
34.58223,71.05089,310.18,0.49,0.65,2024-10-02,2012,N,VIIRS,n,2,285.98,0.95,N,0
34.58272,71.0407,299.55,0.49,0.65,2024-10-02,2012,N,VIIRS,n,2,287.35,0.95,N,0
26.75881,83.19868,312.44,0.39,0.36,2024-10-02,2013,N,VIIRS,n,2,295.37,1.28,N,2
29.08515,88.01314,300.98,0.56,0.43,2024-10-02,2013,N,VIIRS,n,2,278.97,1.05,N,2
29.22436,88.35386,305.89,0.38,0.44,2024-10-02,2013,N,VIIRS,n,2,282.25,1.36,N,2
22.24632,87.38969,295.66,0.45,0.47,2024-10-02,2014,N,VIIRS,n,2,271.37,0.25,N,2
22.36443,87.01617,301.8,0.42,0.46,2024-10-02,2014,N,VIIRS,n,2,280.77,1.72,N,2
22.36505,87.29939,315.64,0.44,0.46,2024-10-02,2014,N,VIIRS,n,2,281.12,1.24,N,2
22.36589,87.30051,315.19,0.44,0.46,2024-10-02,2014,N,VIIRS,n,2,281.11,2.03,N,2
22.36927,87.30035,301.63,0.44,0.46,2024-10-02,2014,N,VIIRS,n,2,281.47,1.24,N,2
22.37775,87.28009,311.53,0.44,0.46,2024-10-02,2014,N,VIIRS,n,2,283.12,2.07,N,2
22.37845,87.28117,310.96,0.44,0.46,2024-10-02,2014,N,VIIRS,n,2,283.41,1.21,N,2
22.37927,87.27692,303.52,0.44,0.46,2024-10-02,2014,N,VIIRS,n,2,283.0,1.21,N,2
22.78795,86.20633,303.15,0.56,0.43,2024-10-02,2014,N,VIIRS,n,2,280.64,3.78,N,2
22.78896,86.2009,310.38,0.56,0.43,2024-10-02,2014,N,VIIRS,n,2,281.03,5.64,N,2
22.79033,86.20841,301.03,0.56,0.43,2024-10-02,2014,N,VIIRS,n,2,278.35,2.3,N,2
22.79531,86.20386,302.57,0.56,0.43,2024-10-02,2014,N,VIIRS,n,2,274.15,2.3,N,3
22.79579,86.20817,315.62,0.56,0.43,2024-10-02,2014,N,VIIRS,n,2,273.36,2.74,N,2
22.79681,86.20268,298.33,0.56,0.43,2024-10-02,2014,N,VIIRS,n,2,276.53,2.74,N,2
22.79922,86.2048,306.56,0.56,0.43,2024-10-02,2014,N,VIIRS,n,2,269.66,2.3,N,2
22.80138,86.09098,298.68,0.56,0.43,2024-10-02,2014,N,VIIRS,n,2,273.74,1.68,N,2
23.55431,87.24155,303.28,0.42,0.45,2024-10-02,2014,N,VIIRS,n,2,283.67,1.02,N,2
23.55842,87.24251,302.23,0.42,0.45,2024-10-02,2014,N,VIIRS,n,2,282.89,1.02,N,2
23.55921,87.23846,311.04,0.42,0.45,2024-10-02,2014,N,VIIRS,n,2,282.5,1.02,N,2
23.56078,87.23038,307.97,0.42,0.45,2024-10-02,2014,N,VIIRS,n,2,283.17,1.13,N,2
23.56355,87.0842,303.86,0.41,0.45,2024-10-02,2014,N,VIIRS,n,2,280.04,1.17,N,2
23.66598,86.92181,312.31,0.4,0.44,2024-10-02,2014,N,VIIRS,n,2,273.52,1.33,N,2
23.66674,86.91796,305.16,0.4,0.44,2024-10-02,2014,N,VIIRS,n,2,273.02,1.33,N,2
23.67177,86.93526,315.95,0.4,0.44,2024-10-02,2014,N,VIIRS,n,2,275.63,1.42,N,2
23.67965,86.397,305.49,0.56,0.43,2024-10-02,2014,N,VIIRS,n,2,278.45,3.01,N,2
23.6846,86.39246,315.87,0.56,0.43,2024-10-02,2014,N,VIIRS,n,2,278.42,3.29,N,2
23.69058,87.09957,304.71,0.41,0.45,2024-10-02,2014,N,VIIRS,n,2,281.85,1.66,N,2
23.69488,87.12139,305.36,0.41,0.45,2024-10-02,2014,N,VIIRS,n,2,283.2,1.25,N,2
23.73426,86.43186,313.44,0.56,0.43,2024-10-02,2014,N,VIIRS,n,2,278.68,1.94,N,2
23.73647,86.43362,320.02,0.56,0.43,2024-10-02,2014,N,VIIRS,n,2,279.47,2.74,N,2
23.73818,86.43273,304.56,0.56,0.43,2024-10-02,2014,N,VIIRS,n,2,278.66,1.94,N,2
23.75845,86.40448,306.79,0.56,0.43,2024-10-02,2014,N,VIIRS,n,2,277.23,1.77,N,2
23.75847,85.85606,305.69,0.52,0.42,2024-10-02,2014,N,VIIRS,n,2,288.49,2.77,N,2
23.75948,86.39912,307.31,0.56,0.43,2024-10-02,2014,N,VIIRS,n,2,276.74,1.44,N,2
23.7634,86.39996,307.25,0.56,0.43,2024-10-02,2014,N,VIIRS,n,2,275.79,1.44,N,2
23.76443,86.39457,302.31,0.56,0.43,2024-10-02,2014,N,VIIRS,n,2,275.66,1.44,N,2
23.77458,86.36301,296.21,0.55,0.43,2024-10-02,2014,N,VIIRS,n,2,267.42,0.73,N,2
23.77721,86.3917,300.39,0.56,0.43,2024-10-02,2014,N,VIIRS,n,2,274.44,1.55,N,2
23.77768,86.3469,297.62,0.55,0.43,2024-10-02,2014,N,VIIRS,n,2,269.16,1.37,N,2
23.78011,86.20818,302.13,0.54,0.42,2024-10-02,2014,N,VIIRS,n,2,250.26,1.4,N,2
23.78039,86.20679,301.51,0.54,0.42,2024-10-02,2014,N,VIIRS,n,2,248.99,0.86,N,2
23.78111,86.39256,305.06,0.56,0.43,2024-10-02,2014,N,VIIRS,n,2,275.46,1.55,N,2
23.78158,86.34776,300.41,0.55,0.43,2024-10-02,2014,N,VIIRS,n,2,268.84,1.37,N,2
23.78857,86.33248,296.76,0.55,0.43,2024-10-02,2014,N,VIIRS,n,2,267.68,1.03,N,2
23.80517,86.33052,299.68,0.55,0.43,2024-10-02,2014,N,VIIRS,n,2,266.06,1.17,N,2
23.81036,84.84508,299.33,0.47,0.39,2024-10-02,2014,N,VIIRS,n,2,286.26,1.55,N,0
23.81084,84.84336,299.4,0.47,0.39,2024-10-02,2014,N,VIIRS,n,2,286.58,1.43,N,0
23.82574,85.49779,308.31,0.5,0.41,2024-10-02,2014,N,VIIRS,n,2,293.26,2.65,N,2
24.03903,78.82787,309.57,0.43,0.38,2024-10-02,2014,N,VIIRS,n,2,294.4,0.96,N,0
24.66151,74.63149,311.79,0.47,0.48,2024-10-02,2014,N,VIIRS,n,2,296.68,2.53,N,2
24.7162,75.9516,301.27,0.4,0.44,2024-10-02,2014,N,VIIRS,n,2,284.99,0.63,N,2
24.76177,74.60841,308.2,0.48,0.48,2024-10-02,2014,N,VIIRS,n,2,295.96,2.19,N,2
24.7633,74.60655,313.2,0.48,0.48,2024-10-02,2014,N,VIIRS,n,2,296.64,2.21,N,2
24.92701,84.14945,307.28,0.43,0.38,2024-10-02,2014,N,VIIRS,n,2,290.87,3.38,N,0
26.27268,74.18909,307.75,0.53,0.5,2024-10-02,2014,N,VIIRS,n,2,296.93,1.77,N,2
26.64468,79.47887,311.76,0.43,0.38,2024-10-02,2014,N,VIIRS,n,2,295.8,0.64,N,2
20.69681,78.63614,310.39,0.41,0.37,2024-10-02,2015,N,VIIRS,n,2,295.28,1.56,N,2
20.76017,85.29433,309.79,0.54,0.42,2024-10-02,2015,N,VIIRS,n,2,291.56,3.2,N,2
20.78602,85.26244,313.07,0.54,0.42,2024-10-02,2015,N,VIIRS,n,2,288.65,4.06,N,2
20.7926,85.25473,328.46,0.54,0.42,2024-10-02,2015,N,VIIRS,n,2,288.85,3.52,N,2
20.79561,85.25371,331.04,0.54,0.42,2024-10-02,2015,N,VIIRS,n,2,288.47,6.12,N,2
20.79645,85.25552,317.63,0.54,0.42,2024-10-02,2015,N,VIIRS,n,2,287.65,3.52,N,2
20.80715,85.25622,311.01,0.54,0.42,2024-10-02,2015,N,VIIRS,n,2,287.57,3.5,N,2
20.86551,84.99221,313.01,0.52,0.41,2024-10-02,2015,N,VIIRS,n,2,289.32,1.94,N,2
20.8693,84.993,305.49,0.52,0.41,2024-10-02,2015,N,VIIRS,n,2,289.68,1.94,N,2
20.94004,86.06146,307.89,0.4,0.44,2024-10-02,2015,N,VIIRS,n,2,282.74,1.93,N,2
20.95095,86.04797,323.02,0.39,0.44,2024-10-02,2015,N,VIIRS,n,2,282.72,2.34,N,2
20.9617,85.16583,312.7,0.53,0.42,2024-10-02,2015,N,VIIRS,n,2,292.21,3.8,N,2
20.96273,86.00745,318.62,0.39,0.44,2024-10-02,2015,N,VIIRS,n,2,287.78,1.76,N,2
20.96458,85.17168,317.92,0.53,0.42,2024-10-02,2015,N,VIIRS,n,2,293.08,5.66,N,2
20.96603,86.0121,308.68,0.39,0.44,2024-10-02,2015,N,VIIRS,n,2,287.17,1.72,N,2
20.96831,85.15157,315.72,0.53,0.42,2024-10-02,2015,N,VIIRS,n,2,292.18,4.44,N,2
20.96933,85.16748,309.29,0.53,0.42,2024-10-02,2015,N,VIIRS,n,2,292.87,4.23,N,2
20.97003,86.01299,320.81,0.39,0.44,2024-10-02,2015,N,VIIRS,n,2,287.46,1.72,N,2
20.97214,86.00171,310.8,0.39,0.44,2024-10-02,2015,N,VIIRS,n,2,287.73,2.24,N,2
20.97222,85.17332,333.4,0.53,0.42,2024-10-02,2015,N,VIIRS,n,2,294.18,7.63,N,2
21.07804,85.04166,317.16,0.52,0.41,2024-10-02,2015,N,VIIRS,n,2,292.54,5.65,N,2
21.10061,72.63526,318.64,0.57,0.52,2024-10-02,2015,N,VIIRS,n,2,290.57,4.33,N,2
21.10421,72.647,326.7,0.57,0.52,2024-10-02,2015,N,VIIRS,n,2,291.18,6.87,N,2
21.10543,72.63587,308.97,0.57,0.52,2024-10-02,2015,N,VIIRS,n,2,290.59,4.33,N,2
21.11025,72.63649,309.48,0.57,0.52,2024-10-02,2015,N,VIIRS,n,2,290.99,4.85,N,2
21.24457,79.2226,310.68,0.4,0.37,2024-10-02,2015,N,VIIRS,n,2,291.87,1.77,N,2
21.36595,81.67799,300.93,0.39,0.36,2024-10-02,2015,N,VIIRS,n,2,275.2,1.01,N,2
21.37594,81.67986,306.77,0.39,0.36,2024-10-02,2015,N,VIIRS,n,2,278.07,2.34,N,2
21.38807,81.64742,297.67,0.39,0.36,2024-10-02,2015,N,VIIRS,n,2,269.79,0.76,N,2
21.48725,81.7694,299.7,0.39,0.36,2024-10-02,2015,N,VIIRS,n,2,269.03,0.81,N,2
21.67763,84.03786,315.93,0.46,0.39,2024-10-02,2015,N,VIIRS,n,2,283.97,2.97,N,2
21.68042,84.04295,305.42,0.46,0.39,2024-10-02,2015,N,VIIRS,n,2,282.82,0.98,N,2
21.75999,83.84361,308.07,0.45,0.39,2024-10-02,2015,N,VIIRS,n,2,291.0,2.34,N,2
21.76235,84.01877,304.89,0.45,0.39,2024-10-02,2015,N,VIIRS,n,2,284.36,1.38,N,2
21.76591,84.01949,314.29,0.45,0.39,2024-10-02,2015,N,VIIRS,n,2,283.84,1.38,N,2
21.76947,84.02022,303.51,0.45,0.39,2024-10-02,2015,N,VIIRS,n,2,281.44,1.27,N,2
21.7764,83.83356,306.11,0.45,0.39,2024-10-02,2015,N,VIIRS,n,2,291.8,1.56,N,2
21.77715,83.82927,307.84,0.45,0.39,2024-10-02,2015,N,VIIRS,n,2,291.78,1.56,N,2
21.77994,83.8343,311.03,0.45,0.39,2024-10-02,2015,N,VIIRS,n,2,291.59,2.84,N,2
21.8749,83.49536,307.75,0.43,0.38,2024-10-02,2015,N,VIIRS,n,2,293.18,2.37,N,2
21.87551,83.49374,305.95,0.43,0.38,2024-10-02,2015,N,VIIRS,n,2,293.4,1.95,N,2
21.87924,83.55473,313.68,0.43,0.38,2024-10-02,2015,N,VIIRS,n,2,293.46,1.99,N,2
21.9223,83.3494,324.0,0.43,0.38,2024-10-02,2015,N,VIIRS,n,2,294.11,3.35,N,2
22.00346,82.67255,306.14,0.41,0.37,2024-10-02,2015,N,VIIRS,n,2,284.25,1.65,N,2
22.0223,83.38049,309.41,0.43,0.38,2024-10-02,2015,N,VIIRS,n,2,292.68,1.46,N,2
22.03208,83.36545,309.48,0.43,0.38,2024-10-02,2015,N,VIIRS,n,2,294.25,2.25,N,2
22.03839,83.34971,309.44,0.43,0.38,2024-10-02,2015,N,VIIRS,n,2,291.34,2.49,N,2
22.03975,83.73727,310.7,0.44,0.38,2024-10-02,2015,N,VIIRS,n,2,295.32,3.09,N,2
22.04048,83.73304,344.29,0.44,0.38,2024-10-02,2015,N,VIIRS,n,2,297.9,5.83,N,2
22.04121,83.72881,315.11,0.44,0.38,2024-10-02,2015,N,VIIRS,n,2,294.65,5.83,N,2
22.04326,83.738,308.6,0.44,0.38,2024-10-02,2015,N,VIIRS,n,2,295.45,2.99,N,2
22.04399,83.73376,334.88,0.44,0.38,2024-10-02,2015,N,VIIRS,n,2,298.02,4.39,N,2
22.04472,83.72953,332.12,0.44,0.38,2024-10-02,2015,N,VIIRS,n,2,295.99,4.39,N,2
22.10299,83.11937,298.14,0.42,0.37,2024-10-02,2015,N,VIIRS,n,2,269.96,0.59,N,2
22.10589,83.52338,316.07,0.43,0.38,2024-10-02,2015,N,VIIRS,n,2,293.31,2.62,N,2
22.24495,87.38713,296.3,0.45,0.47,2024-10-02,2015,N,VIIRS,n,2,271.79,0.34,N,2
22.31135,82.52791,300.37,0.4,0.37,2024-10-02,2015,N,VIIRS,n,2,275.44,0.39,N,2
22.32238,82.56599,300.11,0.4,0.37,2024-10-02,2015,N,VIIRS,n,2,272.38,0.5,N,2
22.35577,82.30231,327.28,0.4,0.37,2024-10-02,2015,N,VIIRS,n,2,264.37,2.06,N,2
22.35913,82.30295,318.83,0.4,0.37,2024-10-02,2015,N,VIIRS,n,2,265.09,0.75,N,2
22.36248,82.30357,297.75,0.4,0.37,2024-10-02,2015,N,VIIRS,n,2,267.15,0.75,N,0
23.26392,70.25983,310.08,0.43,0.62,2024-10-02,2015,N,VIIRS,n,2,291.27,1.35,N,2
23.26492,70.25804,306.75,0.43,0.62,2024-10-02,2015,N,VIIRS,n,2,291.57,1.18,N,2
17.60623,83.20398,307.79,0.47,0.4,2024-10-02,2016,N,VIIRS,n,2,293.31,2.66,N,2
17.60985,83.20467,309.74,0.47,0.4,2024-10-02,2016,N,VIIRS,n,2,293.81,2.66,N,2
17.95701,80.79514,308.93,0.39,0.36,2024-10-02,2016,N,VIIRS,n,2,293.4,2.52,N,2
17.95879,80.78413,309.56,0.39,0.36,2024-10-02,2016,N,VIIRS,n,2,290.68,1.99,N,0
17.96286,83.15842,302.42,0.46,0.39,2024-10-02,2016,N,VIIRS,n,2,288.61,0.9,N,0
18.67418,79.55554,313.05,0.39,0.36,2024-10-02,2016,N,VIIRS,n,2,281.9,1.6,N,0
18.67587,79.54461,301.9,0.39,0.36,2024-10-02,2016,N,VIIRS,n,2,278.22,0.38,N,0
18.71795,79.53679,303.82,0.39,0.36,2024-10-02,2016,N,VIIRS,n,2,281.54,0.78,N,2
18.72127,79.53735,312.44,0.39,0.36,2024-10-02,2016,N,VIIRS,n,2,283.67,1.3,N,2
19.10281,82.16951,311.58,0.41,0.37,2024-10-02,2016,N,VIIRS,n,2,294.13,1.1,N,2
19.10346,82.16562,312.03,0.41,0.37,2024-10-02,2016,N,VIIRS,n,2,292.78,1.1,N,2
19.93769,73.71159,305.2,0.47,0.48,2024-10-02,2016,N,VIIRS,n,2,287.79,0.68,N,2
20.90791,71.45835,303.03,0.34,0.56,2024-10-02,2016,N,VIIRS,n,2,286.09,0.74,N,2
12.85479,79.90622,332.43,0.4,0.37,2024-10-02,2017,N,VIIRS,n,2,262.31,2.83,N,2
10.9296,77.06507,301.92,0.39,0.37,2024-10-02,2018,N,VIIRS,n,2,278.28,0.61,N,2
8.19168,77.44407,301.36,0.38,0.36,2024-10-02,2019,N,VIIRS,n,2,270.36,1.27,N,0
39.64937,75.94272,306.19,0.53,0.67,2024-10-02,2150,N,VIIRS,n,2,281.2,1.53,N,2
39.65131,75.94453,305.16,0.53,0.67,2024-10-02,2150,N,VIIRS,n,2,281.56,1.98,N,2
38.65693,76.1713,299.58,0.59,0.7,2024-10-02,2151,N,VIIRS,n,2,280.26,1.12,N,0
38.65743,76.17008,300.93,0.59,0.7,2024-10-02,2151,N,VIIRS,n,2,280.44,1.71,N,0
39.1526,75.93835,308.86,0.55,0.68,2024-10-02,2151,N,VIIRS,n,2,280.0,1.63,N,0
33.47083,70.61102,322.46,0.41,0.61,2024-10-02,2152,N,VIIRS,n,2,293.12,1.03,N,0
33.47708,70.60987,304.1,0.41,0.61,2024-10-02,2152,N,VIIRS,n,2,293.79,1.03,N,0
34.56108,70.99757,296.61,0.41,0.6,2024-10-02,2152,N,VIIRS,n,2,286.18,0.4,N,0
34.58034,71.05947,302.14,0.41,0.61,2024-10-02,2152,N,VIIRS,n,2,283.96,1.14,N,0
34.58141,71.05542,312.54,0.41,0.61,2024-10-02,2152,N,VIIRS,n,2,283.78,1.14,N,0
34.58231,71.052,326.53,0.41,0.61,2024-10-02,2152,N,VIIRS,n,2,286.69,2.66,N,0
34.58311,71.04893,318.93,0.41,0.61,2024-10-02,2152,N,VIIRS,n,2,288.25,2.66,N,0
34.58362,71.06957,295.48,0.41,0.61,2024-10-02,2152,N,VIIRS,n,2,284.6,0.15,N,0
34.5839,71.04597,298.26,0.41,0.61,2024-10-02,2152,N,VIIRS,n,2,287.98,1.87,N,0
34.58464,71.0657,301.9,0.41,0.61,2024-10-02,2152,N,VIIRS,n,2,284.44,0.15,N,0
35.15197,72.93498,296.6,0.5,0.66,2024-10-02,2152,N,VIIRS,n,2,285.71,0.59,N,0
35.41912,73.68227,295.89,0.54,0.68,2024-10-02,2152,N,VIIRS,n,2,278.29,0.79,N,0
36.07965,97.82256,344.98,0.57,0.52,2024-10-03,550,N,VIIRS,n,2,295.62,10.34,D,0
37.33647,97.1515,330.14,0.58,0.52,2024-10-03,551,N,VIIRS,l,2,300.91,4.45,D,0
39.80917,98.30186,330.16,0.44,0.46,2024-10-03,551,N,VIIRS,l,2,300.18,2.08,D,2
39.8891,98.54195,338.45,0.43,0.46,2024-10-03,551,N,VIIRS,n,2,301.51,2.88,D,0
8.07652,80.70889,331.62,0.32,0.55,2024-10-03,724,N,VIIRS,n,2,293.11,1.83,D,0
8.27621,79.86565,329.97,0.36,0.58,2024-10-03,724,N,VIIRS,n,2,292.44,3.14,D,0
8.65714,80.47308,334.9,0.32,0.55,2024-10-03,724,N,VIIRS,n,2,295.39,3.54,D,0
9.41088,80.36076,331.92,0.32,0.55,2024-10-03,724,N,VIIRS,n,2,289.99,2.18,D,0
10.75018,77.29394,326.47,0.49,0.65,2024-10-03,724,N,VIIRS,n,2,272.42,3.5,D,0
11.54134,79.01975,329.47,0.36,0.58,2024-10-03,725,N,VIIRS,n,2,282.9,2.57,D,0
11.81623,79.13123,331.97,0.35,0.57,2024-10-03,725,N,VIIRS,n,2,289.36,3.26,D,0
12.53242,79.68958,342.34,0.63,0.54,2024-10-03,725,N,VIIRS,n,2,286.07,9.67,D,0
12.65147,79.91039,342.17,0.6,0.53,2024-10-03,725,N,VIIRS,n,2,292.14,6.2,D,0
12.65416,79.90659,333.0,0.6,0.53,2024-10-03,725,N,VIIRS,n,2,292.57,8.19,D,0
12.65517,79.91215,341.4,0.6,0.53,2024-10-03,725,N,VIIRS,n,2,292.98,9.47,D,0
12.93139,79.34724,335.25,0.33,0.55,2024-10-03,725,N,VIIRS,n,2,291.83,3.28,D,0
15.90786,78.26614,330.5,0.34,0.56,2024-10-03,726,N,VIIRS,n,2,281.12,2.19,D,0
20.79069,85.25925,331.23,0.39,0.36,2024-10-03,727,N,VIIRS,n,2,289.36,3.42,D,2
20.95308,86.04872,335.34,0.38,0.36,2024-10-03,727,N,VIIRS,n,2,296.34,4.01,D,2
21.68046,84.0406,334.84,0.41,0.37,2024-10-03,727,N,VIIRS,n,2,303.06,6.18,D,2
21.76055,83.84421,338.45,0.41,0.37,2024-10-03,727,N,VIIRS,n,2,300.02,2.12,D,2
21.76169,84.02171,347.7,0.41,0.37,2024-10-03,727,N,VIIRS,n,2,304.48,5.85,D,2
21.76508,84.02109,331.38,0.41,0.37,2024-10-03,727,N,VIIRS,l,2,304.09,5.85,D,2
21.76847,84.02045,332.49,0.41,0.37,2024-10-03,727,N,VIIRS,l,2,303.87,5.9,D,2
21.92109,83.35263,330.87,0.42,0.38,2024-10-03,727,N,VIIRS,l,2,301.48,5.77,D,2
22.09293,86.11607,332.33,0.39,0.36,2024-10-03,727,N,VIIRS,n,2,297.62,2.18,D,0
22.10692,83.5265,331.63,0.42,0.37,2024-10-03,727,N,VIIRS,n,2,300.09,3.39,D,2
22.35823,82.30467,336.03,0.46,0.39,2024-10-03,727,N,VIIRS,n,2,288.98,4.77,D,2
21.10415,72.63748,345.13,0.61,0.71,2024-10-03,728,N,VIIRS,n,2,292.82,9.08,D,2
21.10559,72.63687,348.15,0.61,0.71,2024-10-03,728,N,VIIRS,n,2,293.11,9.38,D,2
23.33268,79.75643,344.27,0.4,0.44,2024-10-03,728,N,VIIRS,n,2,302.35,5.87,D,0
23.34076,79.75463,331.33,0.4,0.44,2024-10-03,728,N,VIIRS,l,2,302.54,4.37,D,0
23.68215,86.39592,333.15,0.39,0.36,2024-10-03,728,N,VIIRS,n,2,296.52,5.43,D,2
23.68417,86.0831,344.74,0.39,0.36,2024-10-03,728,N,VIIRS,n,2,295.55,5.39,D,2
23.68494,86.39153,332.78,0.39,0.36,2024-10-03,728,N,VIIRS,n,2,296.36,5.4,D,2
23.73562,86.43392,337.89,0.39,0.36,2024-10-03,728,N,VIIRS,n,2,297.24,6.08,D,2
23.73675,86.43028,333.75,0.39,0.36,2024-10-03,728,N,VIIRS,n,2,293.96,1.38,D,2
23.7373,86.43413,335.72,0.39,0.36,2024-10-03,728,N,VIIRS,n,2,296.89,5.8,D,2
23.75808,85.85342,336.89,0.39,0.36,2024-10-03,728,N,VIIRS,n,2,301.37,4.32,D,2
23.76017,86.40268,341.15,0.39,0.36,2024-10-03,728,N,VIIRS,n,2,297.81,4.03,D,2
23.76352,86.40211,337.94,0.39,0.36,2024-10-03,728,N,VIIRS,n,2,296.7,4.03,D,2
23.76575,86.39387,331.98,0.39,0.36,2024-10-03,728,N,VIIRS,n,2,298.75,2.45,D,2
23.77523,86.36474,330.73,0.39,0.36,2024-10-03,728,N,VIIRS,n,2,297.1,2.41,D,2
23.77856,86.38772,330.82,0.39,0.36,2024-10-03,728,N,VIIRS,n,2,296.35,5.65,D,2
23.77965,86.20731,337.27,0.39,0.36,2024-10-03,728,N,VIIRS,n,2,300.42,3.1,D,2
23.77967,86.3954,331.19,0.39,0.36,2024-10-03,728,N,VIIRS,n,2,299.14,2.35,D,2
23.78021,86.21112,336.45,0.39,0.36,2024-10-03,728,N,VIIRS,n,2,298.78,3.1,D,2
23.78301,86.39482,331.19,0.39,0.36,2024-10-03,728,N,VIIRS,n,2,296.83,2.35,D,2
23.78354,86.21054,331.89,0.39,0.36,2024-10-03,728,N,VIIRS,n,2,296.85,3.1,D,2
23.80416,86.32838,337.61,0.39,0.36,2024-10-03,728,N,VIIRS,n,2,299.59,6.13,D,2
25.00419,76.94513,334.83,0.55,0.51,2024-10-03,728,N,VIIRS,n,2,302.54,3.23,D,0
26.75075,82.26549,355.7,0.42,0.37,2024-10-03,729,N,VIIRS,n,2,303.61,9.03,D,0
26.75347,82.26063,345.88,0.42,0.37,2024-10-03,729,N,VIIRS,n,2,304.68,18.35,D,0
26.75416,82.26477,351.2,0.42,0.37,2024-10-03,729,N,VIIRS,n,2,303.3,18.35,D,0
26.75689,82.25991,355.97,0.42,0.37,2024-10-03,729,N,VIIRS,n,2,304.43,18.35,D,0
26.75961,82.25504,345.9,0.42,0.37,2024-10-03,729,N,VIIRS,n,2,303.16,14.76,D,0
26.76304,82.25433,350.0,0.42,0.37,2024-10-03,729,N,VIIRS,n,2,303.95,14.76,D,0
27.2264,77.86119,332.69,0.44,0.46,2024-10-03,729,N,VIIRS,l,2,307.44,1.71,D,0
27.50343,83.34826,333.47,0.39,0.36,2024-10-03,729,N,VIIRS,n,2,296.41,2.83,D,0
27.96896,77.57487,338.64,0.44,0.46,2024-10-03,729,N,VIIRS,n,2,305.17,3.1,D,0
28.34418,76.47513,334.5,0.5,0.49,2024-10-03,729,N,VIIRS,l,2,309.42,3.92,D,0
28.39789,78.14956,330.81,0.4,0.44,2024-10-03,729,N,VIIRS,n,2,303.02,1.96,D,0
28.42599,77.41375,347.11,0.44,0.46,2024-10-03,729,N,VIIRS,n,2,305.46,4.7,D,0
28.59633,78.45055,330.64,0.38,0.43,2024-10-03,729,N,VIIRS,n,2,303.07,1.77,D,0
28.6776,78.35661,330.24,0.39,0.44,2024-10-03,729,N,VIIRS,l,2,304.18,1.24,D,0
28.98994,79.4776,332.52,0.5,0.41,2024-10-03,729,N,VIIRS,n,2,302.11,2.95,D,0
28.99366,79.4767,338.32,0.5,0.41,2024-10-03,729,N,VIIRS,n,2,303.48,5.93,D,0
28.73658,70.99286,347.13,0.51,0.66,2024-10-03,730,N,VIIRS,n,2,304.86,11.12,D,0
28.73791,70.99804,367.0,0.51,0.66,2024-10-03,730,N,VIIRS,h,2,305.07,18.19,D,0
29.30063,76.96461,334.35,0.45,0.47,2024-10-03,730,N,VIIRS,n,2,305.12,4.65,D,0
29.41627,76.64532,337.31,0.47,0.47,2024-10-03,730,N,VIIRS,n,2,303.74,2.72,D,0
29.41683,76.64681,336.96,0.46,0.47,2024-10-03,730,N,VIIRS,n,2,304.04,4.43,D,0
30.0079,76.88379,331.39,0.44,0.46,2024-10-03,730,N,VIIRS,n,2,303.17,1.63,D,0
30.07474,71.47397,330.21,0.45,0.63,2024-10-03,730,N,VIIRS,l,2,302.99,2.68,D,0
30.11363,72.14343,333.0,0.41,0.6,2024-10-03,730,N,VIIRS,l,2,305.88,2.81,D,0
30.14149,73.19128,341.07,0.35,0.57,2024-10-03,730,N,VIIRS,n,2,307.55,2.45,D,0
30.16647,73.60507,330.8,0.34,0.56,2024-10-03,730,N,VIIRS,n,2,303.53,2.61,D,0
30.16726,73.60851,334.19,0.34,0.56,2024-10-03,730,N,VIIRS,n,2,302.98,3.06,D,0
30.16953,73.60679,342.14,0.33,0.56,2024-10-03,730,N,VIIRS,n,2,303.0,3.54,D,0
30.17319,76.4193,332.41,0.46,0.47,2024-10-03,730,N,VIIRS,n,2,302.9,2.34,D,0
30.28442,73.16907,367.0,0.35,0.57,2024-10-03,730,N,VIIRS,h,2,309.83,14.71,D,0
30.28448,73.16839,367.0,0.35,0.57,2024-10-03,730,N,VIIRS,h,2,308.91,14.79,D,0
30.30062,73.14389,336.46,0.35,0.57,2024-10-03,730,N,VIIRS,n,2,305.37,2.08,D,0
30.32523,73.52794,336.73,0.34,0.56,2024-10-03,730,N,VIIRS,n,2,306.12,2.67,D,0
30.34835,73.55765,348.85,0.33,0.56,2024-10-03,730,N,VIIRS,n,2,310.96,4.36,D,0
30.37126,73.51743,331.97,0.34,0.56,2024-10-03,730,N,VIIRS,l,2,303.62,1.51,D,0
30.39927,73.37355,345.09,0.34,0.56,2024-10-03,730,N,VIIRS,n,2,306.68,3.46,D,0
30.40422,73.39455,332.49,0.34,0.56,2024-10-03,730,N,VIIRS,l,2,306.58,1.78,D,0
30.4195,73.61878,332.55,0.33,0.55,2024-10-03,730,N,VIIRS,n,2,304.38,2.2,D,0
30.42048,73.48642,334.23,0.34,0.56,2024-10-03,730,N,VIIRS,l,2,305.01,2.59,D,0
30.44882,73.81051,333.48,0.32,0.55,2024-10-03,730,N,VIIRS,n,2,304.85,1.2,D,0
30.4895,73.82629,343.82,0.32,0.55,2024-10-03,730,N,VIIRS,n,2,304.78,2.25,D,0
30.49122,73.76563,367.0,0.32,0.55,2024-10-03,730,N,VIIRS,h,2,315.44,27.35,D,0
30.52814,73.40887,331.31,0.34,0.56,2024-10-03,730,N,VIIRS,l,2,303.79,1.31,D,0
30.54392,73.7032,340.94,0.32,0.55,2024-10-03,730,N,VIIRS,n,2,304.31,9.91,D,0
30.5447,73.70654,367.0,0.32,0.55,2024-10-03,730,N,VIIRS,h,2,314.92,23.9,D,0
30.55101,73.57482,333.23,0.33,0.55,2024-10-03,730,N,VIIRS,l,2,303.76,2.84,D,0
30.55181,73.57822,349.73,0.33,0.55,2024-10-03,730,N,VIIRS,n,2,308.82,2.84,D,0
30.55485,73.68196,344.24,0.33,0.55,2024-10-03,730,N,VIIRS,n,2,306.74,3.1,D,0
30.56841,73.71708,367.0,0.32,0.55,2024-10-03,730,N,VIIRS,h,2,307.65,4.51,D,0
30.57865,73.42916,335.14,0.34,0.56,2024-10-03,730,N,VIIRS,n,2,305.42,1.11,D,0
30.60442,73.98409,332.61,0.62,0.54,2024-10-03,730,N,VIIRS,l,2,305.93,3.36,D,0
30.60461,73.98394,334.13,0.62,0.54,2024-10-03,730,N,VIIRS,n,2,305.38,5.73,D,0
30.63542,73.89171,345.95,0.63,0.54,2024-10-03,730,N,VIIRS,n,2,304.16,12.76,D,0
30.63692,73.89819,339.31,0.63,0.54,2024-10-03,730,N,VIIRS,n,2,303.2,10.97,D,0
30.65421,73.72472,352.1,0.32,0.55,2024-10-03,730,N,VIIRS,n,2,305.33,3.2,D,0
30.68001,73.92648,339.71,0.63,0.54,2024-10-03,730,N,VIIRS,n,2,303.44,4.52,D,0
30.68035,73.92474,331.14,0.63,0.54,2024-10-03,730,N,VIIRS,l,2,302.06,6.95,D,0
30.68197,73.73033,333.89,0.32,0.55,2024-10-03,730,N,VIIRS,n,2,305.2,2.35,D,0
30.6872,73.70746,354.67,0.32,0.55,2024-10-03,730,N,VIIRS,n,2,307.39,13.74,D,0
30.68797,73.71078,355.47,0.32,0.55,2024-10-03,730,N,VIIRS,n,2,305.22,14.14,D,0
30.68999,73.74203,331.56,0.32,0.55,2024-10-03,730,N,VIIRS,l,2,304.88,1.85,D,0
30.69462,73.76181,331.77,0.32,0.55,2024-10-03,730,N,VIIRS,l,2,304.39,2.16,D,0
30.69798,73.50239,333.25,0.33,0.55,2024-10-03,730,N,VIIRS,l,2,306.57,2.27,D,0
30.69877,73.5058,334.08,0.33,0.55,2024-10-03,730,N,VIIRS,l,2,305.67,2.9,D,0
30.70093,73.50362,352.28,0.33,0.55,2024-10-03,730,N,VIIRS,n,2,306.34,5.03,D,0
30.70848,73.49033,334.76,0.33,0.55,2024-10-03,730,N,VIIRS,n,2,304.07,0.94,D,0
30.717,73.79005,367.0,0.32,0.54,2024-10-03,730,N,VIIRS,h,2,305.96,9.92,D,0
30.74466,74.21087,331.36,0.6,0.53,2024-10-03,730,N,VIIRS,l,2,305.58,3.07,D,0
30.75879,73.68009,341.16,0.32,0.55,2024-10-03,730,N,VIIRS,n,2,304.53,3.97,D,0
30.98462,74.21766,342.8,0.59,0.53,2024-10-03,730,N,VIIRS,n,2,307.53,8.36,D,0
30.98665,74.21881,346.81,0.59,0.53,2024-10-03,730,N,VIIRS,n,2,307.79,17.63,D,0
31.04436,74.32279,333.96,0.58,0.52,2024-10-03,730,N,VIIRS,l,2,307.03,5.4,D,0
31.06874,74.34109,338.67,0.58,0.52,2024-10-03,730,N,VIIRS,n,2,306.71,5.02,D,0
31.10397,75.1862,342.97,0.52,0.5,2024-10-03,730,N,VIIRS,n,2,303.37,7.17,D,0
31.1806,74.26154,338.27,0.58,0.52,2024-10-03,730,N,VIIRS,n,2,304.61,4.9,D,0
31.22342,74.0767,330.41,0.6,0.53,2024-10-03,730,N,VIIRS,l,2,304.93,5.56,D,0
31.3045,74.99043,349.62,0.53,0.5,2024-10-03,730,N,VIIRS,n,2,303.06,13.45,D,0
31.43438,72.43462,367.0,0.37,0.58,2024-10-03,730,N,VIIRS,h,2,304.89,5.89,D,0
31.43595,72.4346,367.0,0.37,0.58,2024-10-03,730,N,VIIRS,h,2,305.72,8.2,D,0
31.43958,72.43294,332.03,0.37,0.58,2024-10-03,730,N,VIIRS,n,2,302.88,2.62,D,0
31.445,74.59135,345.18,0.55,0.51,2024-10-03,730,N,VIIRS,n,2,302.88,7.29,D,0
31.44962,74.58994,331.97,0.55,0.51,2024-10-03,730,N,VIIRS,n,2,301.6,4.52,D,0
31.48355,75.08464,339.38,0.52,0.5,2024-10-03,730,N,VIIRS,n,2,303.59,4.0,D,0
31.52007,75.20681,334.8,0.51,0.49,2024-10-03,730,N,VIIRS,n,2,301.46,4.56,D,0
31.53627,74.15704,342.09,0.58,0.52,2024-10-03,730,N,VIIRS,n,2,302.97,6.66,D,0
31.6313,75.01802,341.62,0.52,0.5,2024-10-03,730,N,VIIRS,n,2,304.04,3.8,D,0
31.69477,75.21939,334.51,0.5,0.49,2024-10-03,730,N,VIIRS,n,2,301.5,2.05,D,0
31.7572,74.98326,341.93,0.52,0.5,2024-10-03,730,N,VIIRS,n,2,302.69,5.83,D,0
31.79759,74.97114,344.72,0.52,0.5,2024-10-03,730,N,VIIRS,n,2,303.73,5.24,D,0
31.79763,74.97003,341.0,0.52,0.5,2024-10-03,730,N,VIIRS,n,2,303.63,7.86,D,0
31.8109,74.10819,341.36,0.58,0.52,2024-10-03,730,N,VIIRS,n,2,302.53,7.89,D,0
31.81407,75.06866,331.15,0.51,0.49,2024-10-03,730,N,VIIRS,n,2,300.96,2.48,D,0
31.83571,74.02092,344.64,0.58,0.52,2024-10-03,730,N,VIIRS,n,2,302.56,7.62,D,0
31.92243,74.13551,334.29,0.57,0.52,2024-10-03,730,N,VIIRS,n,2,302.43,3.72,D,0
31.95016,74.39,342.35,0.55,0.51,2024-10-03,730,N,VIIRS,n,2,302.14,4.26,D,0
31.32541,70.7359,337.53,0.46,0.63,2024-10-03,731,N,VIIRS,n,2,303.32,2.6,D,0
31.32657,70.73441,336.14,0.46,0.63,2024-10-03,731,N,VIIRS,n,2,302.88,2.78,D,0
31.45058,70.69252,331.49,0.46,0.63,2024-10-03,731,N,VIIRS,n,2,301.9,2.4,D,0
32.02138,73.91476,333.14,0.59,0.52,2024-10-03,731,N,VIIRS,n,2,302.34,5.22,D,0
32.35165,74.47662,335.28,0.54,0.5,2024-10-03,731,N,VIIRS,n,2,300.48,4.42,D,0
34.7959,70.69888,367.0,0.38,0.59,2024-10-03,731,N,VIIRS,h,2,298.27,9.54,D,0
34.80102,70.69651,341.85,0.38,0.59,2024-10-03,731,N,VIIRS,n,2,290.7,18.95,D,0
34.8017,70.69917,367.0,0.38,0.59,2024-10-03,731,N,VIIRS,h,2,298.9,18.95,D,0
37.96912,77.47852,338.62,0.45,0.39,2024-10-03,732,N,VIIRS,n,2,304.0,8.62,D,0
19.28388,71.43571,353.71,0.42,0.61,2024-10-03,908,N,VIIRS,n,2,288.56,12.35,D,3
19.28428,71.43975,345.22,0.42,0.61,2024-10-03,908,N,VIIRS,n,2,288.21,12.35,D,3
25.04161,71.57748,333.38,0.49,0.65,2024-10-03,909,N,VIIRS,n,2,301.99,2.51,D,0
25.10115,71.71998,332.78,0.5,0.66,2024-10-03,909,N,VIIRS,n,2,301.07,1.77,D,0
29.24912,71.31932,332.27,0.52,0.67,2024-10-03,910,N,VIIRS,l,2,305.69,2.44,D,0
29.48675,70.46587,333.75,0.46,0.64,2024-10-03,910,N,VIIRS,n,2,307.9,2.01,D,0
30.35456,73.53756,335.5,0.71,0.75,2024-10-03,911,N,VIIRS,n,2,304.2,7.62,D,0
30.53403,73.69376,334.62,0.73,0.76,2024-10-03,911,N,VIIRS,n,2,299.89,5.78,D,0
30.60075,73.97639,341.85,0.76,0.77,2024-10-03,911,N,VIIRS,n,2,302.31,5.23,D,0
30.67816,73.62461,339.89,0.73,0.76,2024-10-03,911,N,VIIRS,n,2,300.39,9.68,D,0
30.67843,73.63255,340.84,0.73,0.76,2024-10-03,911,N,VIIRS,n,2,300.33,14.76,D,0
30.68159,73.62453,332.74,0.73,0.76,2024-10-03,911,N,VIIRS,n,2,300.23,6.45,D,0
30.6819,73.63246,341.72,0.73,0.76,2024-10-03,911,N,VIIRS,n,2,300.41,6.45,D,0
30.71118,74.20178,333.24,0.79,0.78,2024-10-03,911,N,VIIRS,n,2,302.1,3.02,D,0
30.8483,73.90927,349.69,0.76,0.77,2024-10-03,911,N,VIIRS,n,2,300.44,11.67,D,0
30.85036,73.91018,345.99,0.76,0.77,2024-10-03,911,N,VIIRS,n,2,300.44,10.87,D,0
31.10425,70.69401,334.19,0.49,0.65,2024-10-03,911,N,VIIRS,n,2,306.23,2.71,D,0
31.66305,73.04922,339.53,0.68,0.74,2024-10-03,911,N,VIIRS,n,2,299.96,5.8,D,0
31.66401,73.04948,338.91,0.68,0.74,2024-10-03,911,N,VIIRS,n,2,299.72,6.61,D,0
35.15479,72.9399,329.62,0.71,0.75,2024-10-03,912,N,VIIRS,n,2,297.24,20.0,D,0
35.15911,72.93357,357.28,0.71,0.75,2024-10-03,912,N,VIIRS,n,2,297.5,18.94,D,0
39.78788,98.29762,300.74,0.44,0.46,2024-10-03,1950,N,VIIRS,n,2,278.78,0.69,N,2
39.78996,97.90903,308.46,0.42,0.45,2024-10-03,1950,N,VIIRS,n,2,276.11,1.73,N,2
39.79198,98.29925,303.99,0.44,0.46,2024-10-03,1950,N,VIIRS,n,2,279.3,0.93,N,2
39.80953,98.30069,310.35,0.44,0.46,2024-10-03,1950,N,VIIRS,n,2,284.21,2.04,N,2
39.81065,98.29567,314.17,0.44,0.46,2024-10-03,1950,N,VIIRS,n,2,283.89,1.49,N,2
39.81178,98.29066,297.15,0.44,0.46,2024-10-03,1950,N,VIIRS,n,2,284.32,1.49,N,2
39.84195,98.2754,295.74,0.43,0.46,2024-10-03,1950,N,VIIRS,n,2,277.43,1.97,N,2
39.8462,98.27316,303.21,0.43,0.46,2024-10-03,1950,N,VIIRS,n,2,276.93,2.58,N,2
39.84715,98.27202,329.69,0.43,0.46,2024-10-03,1950,N,VIIRS,n,2,276.89,1.97,N,2
39.85029,98.27481,328.13,0.43,0.46,2024-10-03,1950,N,VIIRS,n,2,280.05,2.58,N,2
39.86003,98.25169,298.6,0.43,0.46,2024-10-03,1950,N,VIIRS,n,2,278.21,0.96,N,2
39.86411,98.2533,296.86,0.43,0.46,2024-10-03,1950,N,VIIRS,n,2,279.09,0.96,N,2
38.92421,88.32533,297.79,0.4,0.37,2024-10-03,1951,N,VIIRS,n,2,284.01,0.81,N,0
35.46636,73.69133,324.83,0.66,0.73,2024-10-03,1952,N,VIIRS,n,2,285.48,6.25,N,0
35.46703,73.69041,326.42,0.66,0.73,2024-10-03,1952,N,VIIRS,n,2,285.52,3.81,N,0
35.99022,94.82832,298.04,0.53,0.42,2024-10-03,1952,N,VIIRS,n,2,274.55,1.77,N,2
33.67281,75.68965,311.86,0.49,0.65,2024-10-03,1953,N,VIIRS,n,2,282.11,2.48,N,0
28.74421,76.92777,308.56,0.37,0.58,2024-10-03,1954,N,VIIRS,n,2,295.57,1.0,N,2
28.7945,77.14968,307.5,0.36,0.58,2024-10-03,1954,N,VIIRS,n,2,294.53,0.51,N,2
29.08452,88.01158,316.15,0.39,0.36,2024-10-03,1954,N,VIIRS,n,2,280.35,1.86,N,2
29.22611,88.35249,298.0,0.39,0.36,2024-10-03,1954,N,VIIRS,n,2,281.28,0.78,N,2
29.3762,91.15056,300.97,0.46,0.39,2024-10-03,1954,N,VIIRS,n,2,281.63,1.04,N,2
23.61351,86.79157,308.36,0.39,0.36,2024-10-03,1955,N,VIIRS,n,2,285.52,1.23,N,2
23.63996,85.39774,303.64,0.39,0.36,2024-10-03,1955,N,VIIRS,n,2,287.07,0.51,N,2
23.64647,85.43745,306.37,0.39,0.36,2024-10-03,1955,N,VIIRS,n,2,287.45,1.03,N,0
23.66662,84.99685,306.12,0.39,0.36,2024-10-03,1955,N,VIIRS,n,2,284.56,1.32,N,2
23.68024,86.09571,314.43,0.38,0.36,2024-10-03,1955,N,VIIRS,n,2,275.01,1.06,N,2
23.68201,86.08447,316.83,0.38,0.36,2024-10-03,1955,N,VIIRS,n,2,276.0,0.91,N,2
23.6826,86.08072,302.57,0.38,0.36,2024-10-03,1955,N,VIIRS,n,2,275.39,0.91,N,2
23.68532,86.08508,299.12,0.38,0.36,2024-10-03,1955,N,VIIRS,n,2,274.39,0.91,N,2
23.69602,85.29095,306.45,0.39,0.36,2024-10-03,1955,N,VIIRS,n,2,288.73,1.08,N,0
23.73787,85.01305,302.32,0.39,0.36,2024-10-03,1955,N,VIIRS,n,2,262.81,0.41,N,2
23.74064,85.01747,296.57,0.39,0.36,2024-10-03,1955,N,VIIRS,n,2,260.43,0.41,N,2
23.74463,85.50491,307.73,0.39,0.36,2024-10-03,1955,N,VIIRS,n,2,280.54,1.21,N,2
23.76826,86.01169,298.71,0.38,0.36,2024-10-03,1955,N,VIIRS,n,2,273.66,0.67,N,0
23.77733,86.20931,304.88,0.38,0.36,2024-10-03,1955,N,VIIRS,n,2,272.93,1.04,N,2
23.77792,86.20557,298.97,0.38,0.36,2024-10-03,1955,N,VIIRS,n,2,272.93,1.04,N,2
23.77854,86.39502,296.32,0.38,0.36,2024-10-03,1955,N,VIIRS,n,2,267.21,1.02,N,2
23.78064,86.20992,324.09,0.38,0.36,2024-10-03,1955,N,VIIRS,n,2,273.25,1.04,N,2
23.78123,86.20618,300.36,0.38,0.36,2024-10-03,1955,N,VIIRS,n,2,272.93,1.04,N,2
23.78185,86.39565,296.74,0.38,0.36,2024-10-03,1955,N,VIIRS,n,2,267.6,0.6,N,2
23.78244,86.39188,296.7,0.38,0.36,2024-10-03,1955,N,VIIRS,n,2,269.57,0.6,N,2
23.80249,86.32993,304.06,0.38,0.36,2024-10-03,1955,N,VIIRS,n,2,265.28,0.95,N,2
23.8058,86.33054,298.44,0.38,0.36,2024-10-03,1955,N,VIIRS,n,2,265.66,0.7,N,2
23.80716,84.84788,298.74,0.39,0.36,2024-10-03,1955,N,VIIRS,n,2,278.83,0.43,N,2
23.80774,84.84402,298.09,0.39,0.37,2024-10-03,1955,N,VIIRS,n,2,276.8,0.43,N,2
23.81109,84.84461,299.78,0.39,0.37,2024-10-03,1955,N,VIIRS,n,2,275.55,0.3,N,0
23.82105,85.49548,306.23,0.39,0.36,2024-10-03,1955,N,VIIRS,n,2,286.75,1.21,N,2
23.82379,85.49984,308.04,0.39,0.36,2024-10-03,1955,N,VIIRS,n,2,286.7,1.21,N,2
23.83224,84.92255,309.56,0.39,0.36,2024-10-03,1955,N,VIIRS,n,2,287.36,1.03,N,2
24.00943,80.52973,300.84,0.4,0.44,2024-10-03,1955,N,VIIRS,n,2,282.8,0.51,N,0
24.12056,86.86173,299.0,0.39,0.36,2024-10-03,1955,N,VIIRS,n,2,276.56,0.54,N,0
24.14291,82.63748,303.63,0.47,0.4,2024-10-03,1955,N,VIIRS,n,2,283.06,1.12,N,0
24.66224,74.63333,307.05,0.47,0.64,2024-10-03,1955,N,VIIRS,n,2,295.66,1.3,N,2
24.71609,75.95185,305.68,0.39,0.59,2024-10-03,1955,N,VIIRS,n,2,295.21,1.07,N,2
26.75898,83.19953,314.11,0.47,0.4,2024-10-03,1955,N,VIIRS,n,2,296.18,1.43,N,2
27.3733,77.69138,306.07,0.32,0.55,2024-10-03,1955,N,VIIRS,n,2,295.64,0.87,N,0
20.76145,85.2942,310.23,0.38,0.36,2024-10-03,1956,N,VIIRS,n,2,295.49,2.49,N,2
20.7826,85.26775,327.36,0.38,0.36,2024-10-03,1956,N,VIIRS,n,2,294.52,1.82,N,2
20.78317,85.26408,319.68,0.38,0.36,2024-10-03,1956,N,VIIRS,n,2,294.69,1.82,N,2
20.78648,85.26466,315.39,0.38,0.36,2024-10-03,1956,N,VIIRS,n,2,296.33,1.82,N,2
20.78706,85.261,321.27,0.38,0.36,2024-10-03,1956,N,VIIRS,n,2,296.42,3.9,N,2
20.79037,85.26158,311.99,0.38,0.36,2024-10-03,1956,N,VIIRS,n,2,296.53,2.79,N,2
20.79482,85.25481,335.16,0.38,0.36,2024-10-03,1956,N,VIIRS,n,2,297.12,7.51,N,2
20.79756,85.25908,321.61,0.38,0.36,2024-10-03,1956,N,VIIRS,n,2,295.53,2.87,N,2
20.80475,85.25658,320.96,0.38,0.36,2024-10-03,1956,N,VIIRS,n,2,296.16,2.08,N,2
20.80806,85.25716,316.53,0.38,0.36,2024-10-03,1956,N,VIIRS,n,2,296.28,2.08,N,2
20.86587,84.99524,316.5,0.38,0.36,2024-10-03,1956,N,VIIRS,n,2,295.55,2.35,N,2
20.86644,84.99155,315.45,0.38,0.36,2024-10-03,1956,N,VIIRS,n,2,295.43,2.35,N,2
20.86701,84.98788,308.75,0.38,0.36,2024-10-03,1956,N,VIIRS,n,2,295.55,2.24,N,2
20.88861,84.98029,307.81,0.39,0.36,2024-10-03,1956,N,VIIRS,n,2,294.71,2.05,N,2
20.96749,85.16814,302.04,0.38,0.36,2024-10-03,1956,N,VIIRS,n,2,274.09,0.83,N,2
21.07512,85.04267,311.7,0.38,0.36,2024-10-03,1956,N,VIIRS,n,2,291.8,1.11,N,2
21.07844,85.04325,306.53,0.38,0.36,2024-10-03,1956,N,VIIRS,n,2,291.38,1.11,N,2
21.17932,81.38668,308.63,0.5,0.41,2024-10-03,1956,N,VIIRS,n,2,296.63,1.44,N,3
21.18307,81.38726,310.33,0.5,0.41,2024-10-03,1956,N,VIIRS,n,2,297.68,1.44,N,3
21.19419,81.41829,311.44,0.5,0.41,2024-10-03,1956,N,VIIRS,n,2,297.08,1.17,N,2
21.19486,81.41533,310.16,0.5,0.41,2024-10-03,1956,N,VIIRS,n,2,296.58,0.95,N,2
21.24636,79.22238,314.64,0.44,0.46,2024-10-03,1956,N,VIIRS,n,2,293.92,1.45,N,2
21.31013,81.59039,307.77,0.49,0.4,2024-10-03,1956,N,VIIRS,n,2,296.73,0.98,N,2
21.37537,81.67993,313.66,0.48,0.4,2024-10-03,1956,N,VIIRS,n,2,298.07,1.99,N,2
21.37566,81.63888,307.18,0.49,0.4,2024-10-03,1956,N,VIIRS,n,2,295.83,1.87,N,2
21.37658,81.6417,308.43,0.49,0.4,2024-10-03,1956,N,VIIRS,n,2,297.23,1.44,N,2
21.3773,81.68229,318.01,0.48,0.4,2024-10-03,1956,N,VIIRS,n,2,298.28,2.26,N,2
21.37908,81.68049,311.7,0.48,0.4,2024-10-03,1956,N,VIIRS,n,2,297.46,1.14,N,2
21.4863,81.77062,313.0,0.48,0.4,2024-10-03,1956,N,VIIRS,n,2,297.02,1.54,N,2
21.67771,84.038,332.62,0.4,0.37,2024-10-03,1956,N,VIIRS,n,2,297.33,4.43,N,2
21.68051,84.04243,317.0,0.4,0.37,2024-10-03,1956,N,VIIRS,n,2,296.62,2.13,N,2
21.73123,82.21338,311.39,0.46,0.39,2024-10-03,1956,N,VIIRS,n,2,297.94,1.13,N,2
21.75587,83.83935,310.02,0.4,0.37,2024-10-03,1956,N,VIIRS,n,2,295.31,2.03,N,2
21.75674,84.02268,308.31,0.4,0.37,2024-10-03,1956,N,VIIRS,n,2,296.42,1.53,N,2
21.75869,83.84382,328.68,0.4,0.37,2024-10-03,1956,N,VIIRS,n,2,296.92,2.03,N,2
21.76068,84.01938,310.86,0.4,0.37,2024-10-03,1956,N,VIIRS,n,2,296.16,1.59,N,2
21.76209,83.84438,309.09,0.4,0.37,2024-10-03,1956,N,VIIRS,n,2,295.46,0.78,N,2
21.76406,84.01995,321.1,0.4,0.37,2024-10-03,1956,N,VIIRS,n,2,297.08,2.18,N,2
21.76744,84.02053,321.6,0.4,0.37,2024-10-03,1956,N,VIIRS,n,2,296.6,2.18,N,2
21.77082,84.0211,312.34,0.4,0.37,2024-10-03,1956,N,VIIRS,n,2,295.29,1.33,N,2
21.77738,83.83496,308.97,0.4,0.37,2024-10-03,1956,N,VIIRS,n,2,295.83,1.55,N,2
21.77795,83.83106,315.8,0.4,0.37,2024-10-03,1956,N,VIIRS,n,2,296.3,1.56,N,2
21.8302,84.92769,307.71,0.39,0.36,2024-10-03,1956,N,VIIRS,n,2,292.4,1.05,N,0
21.85927,83.96764,313.15,0.4,0.37,2024-10-03,1956,N,VIIRS,n,2,295.97,1.0,N,2
21.876,83.49493,312.1,0.41,0.37,2024-10-03,1956,N,VIIRS,n,2,295.96,1.82,N,2
21.87707,83.5554,309.5,0.41,0.37,2024-10-03,1956,N,VIIRS,n,2,292.22,1.27,N,2
21.92001,83.35253,318.87,0.42,0.38,2024-10-03,1956,N,VIIRS,n,2,299.02,1.7,N,2
21.92058,83.34848,321.44,0.42,0.38,2024-10-03,1956,N,VIIRS,n,2,298.52,2.2,N,2
21.92346,83.35311,312.04,0.42,0.38,2024-10-03,1956,N,VIIRS,n,2,296.87,1.7,N,2
21.92404,83.34906,308.7,0.42,0.38,2024-10-03,1956,N,VIIRS,n,2,296.9,2.2,N,2
21.92519,83.34093,315.55,0.42,0.38,2024-10-03,1956,N,VIIRS,n,2,298.38,1.53,N,3
21.92576,83.33688,309.5,0.42,0.38,2024-10-03,1956,N,VIIRS,n,2,296.63,1.53,N,2
21.93101,85.22094,314.37,0.39,0.36,2024-10-03,1956,N,VIIRS,n,2,291.59,1.67,N,2
21.96685,85.31419,307.14,0.38,0.36,2024-10-03,1956,N,VIIRS,n,2,290.44,1.36,N,2
21.98298,83.23358,309.43,0.42,0.38,2024-10-03,1956,N,VIIRS,n,2,295.78,2.02,N,2
21.98645,83.23415,307.61,0.42,0.38,2024-10-03,1956,N,VIIRS,n,2,296.01,1.53,N,2
22.00414,82.67033,319.32,0.44,0.39,2024-10-03,1956,N,VIIRS,n,2,297.58,3.5,N,2
22.03811,83.354,308.37,0.42,0.38,2024-10-03,1956,N,VIIRS,n,2,296.25,1.79,N,2
22.03868,83.34993,311.11,0.42,0.38,2024-10-03,1956,N,VIIRS,n,2,295.18,1.46,N,2
22.03936,83.73589,313.84,0.41,0.37,2024-10-03,1956,N,VIIRS,n,2,295.79,4.06,N,2
22.03993,83.73193,345.1,0.41,0.37,2024-10-03,1956,N,VIIRS,n,2,296.89,4.06,N,2
22.04277,83.73644,326.57,0.41,0.37,2024-10-03,1956,N,VIIRS,n,2,297.69,4.52,N,2
22.04335,83.73248,347.62,0.41,0.37,2024-10-03,1956,N,VIIRS,n,2,300.09,4.52,N,2
22.04393,83.72854,312.89,0.41,0.37,2024-10-03,1956,N,VIIRS,n,2,294.5,2.45,N,2
22.05511,85.46659,306.53,0.38,0.36,2024-10-03,1956,N,VIIRS,n,2,290.92,1.16,N,2
22.10312,83.12087,310.61,0.43,0.38,2024-10-03,1956,N,VIIRS,n,2,293.32,2.11,N,2
22.10419,83.52573,308.18,0.42,0.37,2024-10-03,1956,N,VIIRS,n,2,294.43,1.9,N,2
22.10763,83.52631,316.75,0.42,0.37,2024-10-03,1956,N,VIIRS,n,2,295.73,1.9,N,2
22.1289,72.76238,306.54,0.58,0.7,2024-10-03,1956,N,VIIRS,n,2,290.77,0.98,N,0
22.12981,72.76306,307.86,0.58,0.7,2024-10-03,1956,N,VIIRS,n,2,290.66,1.02,N,0
22.13297,85.38144,306.12,0.38,0.36,2024-10-03,1956,N,VIIRS,n,2,290.24,0.62,N,2
22.13343,83.51822,309.94,0.42,0.37,2024-10-03,1956,N,VIIRS,n,2,294.74,1.21,N,0
22.1679,85.43664,303.94,0.38,0.36,2024-10-03,1956,N,VIIRS,n,2,289.36,0.52,N,2
22.20122,84.57784,306.25,0.39,0.36,2024-10-03,1956,N,VIIRS,n,2,293.49,0.85,N,2
22.20957,84.86211,310.81,0.39,0.36,2024-10-03,1956,N,VIIRS,n,2,292.27,1.77,N,2
22.2129,84.86269,308.24,0.39,0.36,2024-10-03,1956,N,VIIRS,n,2,292.08,1.42,N,2
22.21895,84.75558,306.13,0.39,0.36,2024-10-03,1956,N,VIIRS,n,2,292.64,1.2,N,0
22.22171,84.75993,308.32,0.39,0.36,2024-10-03,1956,N,VIIRS,n,2,292.45,1.49,N,2
22.22285,84.75239,305.74,0.39,0.36,2024-10-03,1956,N,VIIRS,n,2,292.46,1.34,N,2
22.31192,82.52946,311.05,0.45,0.39,2024-10-03,1956,N,VIIRS,n,2,296.17,1.45,N,2
22.32137,82.56692,308.61,0.45,0.39,2024-10-03,1956,N,VIIRS,n,2,296.91,2.5,N,2
22.32913,82.65511,317.79,0.45,0.39,2024-10-03,1956,N,VIIRS,n,2,296.34,2.51,N,2
22.32969,82.58603,306.21,0.45,0.39,2024-10-03,1956,N,VIIRS,n,2,295.21,0.71,N,0
22.33081,82.60416,311.95,0.45,0.39,2024-10-03,1956,N,VIIRS,n,2,295.78,1.54,N,2
22.33085,82.58837,309.89,0.45,0.39,2024-10-03,1956,N,VIIRS,n,2,295.15,0.73,N,0
22.33206,82.60654,307.53,0.45,0.39,2024-10-03,1956,N,VIIRS,n,2,295.53,0.71,N,2
22.35405,82.30398,317.36,0.46,0.39,2024-10-03,1956,N,VIIRS,n,2,294.86,2.54,N,2
22.35767,82.30457,331.95,0.46,0.39,2024-10-03,1956,N,VIIRS,n,2,297.46,2.54,N,2
22.36192,82.30064,318.04,0.46,0.39,2024-10-03,1956,N,VIIRS,n,2,295.15,1.71,N,0
22.57454,85.89014,310.0,0.38,0.36,2024-10-03,1956,N,VIIRS,n,2,290.37,3.19,N,0
22.79014,86.19665,301.73,0.38,0.36,2024-10-03,1956,N,VIIRS,n,2,286.38,2.05,N,2
22.81786,86.08662,300.71,0.38,0.36,2024-10-03,1956,N,VIIRS,n,2,285.57,1.41,N,2
23.16582,82.34084,322.53,0.47,0.4,2024-10-03,1956,N,VIIRS,n,2,287.29,3.27,N,2
16.36707,82.32111,333.47,0.41,0.37,2024-10-03,1957,N,VIIRS,n,2,294.37,3.39,N,3
16.3705,82.32167,325.45,0.41,0.37,2024-10-03,1957,N,VIIRS,n,2,294.79,3.39,N,3
17.60365,83.20277,308.98,0.4,0.37,2024-10-03,1957,N,VIIRS,n,2,296.94,0.52,N,2
17.60702,83.20332,315.4,0.4,0.37,2024-10-03,1957,N,VIIRS,n,2,297.75,1.08,N,2
17.61039,83.20387,315.61,0.4,0.37,2024-10-03,1957,N,VIIRS,n,2,297.6,1.08,N,2
17.69459,83.24061,309.22,0.4,0.37,2024-10-03,1957,N,VIIRS,n,2,296.27,0.97,N,0
17.80792,78.43222,302.75,0.45,0.47,2024-10-03,1957,N,VIIRS,n,2,289.9,0.53,N,0
17.95654,80.78362,316.0,0.49,0.4,2024-10-03,1957,N,VIIRS,n,2,295.93,4.44,N,0
18.54078,83.34428,331.87,0.4,0.37,2024-10-03,1957,N,VIIRS,n,2,296.05,2.15,N,0
18.54135,83.34052,308.03,0.4,0.37,2024-10-03,1957,N,VIIRS,n,2,295.29,1.76,N,0
18.67335,79.5549,310.81,0.39,0.44,2024-10-03,1957,N,VIIRS,n,2,295.01,1.71,N,0
18.71679,79.53821,307.6,0.39,0.44,2024-10-03,1957,N,VIIRS,n,2,294.71,0.8,N,2
18.72084,79.53882,315.77,0.39,0.44,2024-10-03,1957,N,VIIRS,n,2,295.47,1.11,N,2
19.10251,82.16879,310.09,0.44,0.38,2024-10-03,1957,N,VIIRS,n,2,295.79,1.44,N,2
13.08144,79.98312,308.97,0.48,0.4,2024-10-03,1958,N,VIIRS,n,2,288.41,1.19,N,0
15.96346,80.93758,306.69,0.46,0.39,2024-10-03,1958,N,VIIRS,n,2,294.74,2.68,N,0
16.35972,81.28361,308.49,0.45,0.39,2024-10-03,1958,N,VIIRS,n,2,295.22,0.39,N,0
12.85104,79.90265,312.0,0.48,0.4,2024-10-03,1959,N,VIIRS,n,2,287.87,3.34,N,2
36.99797,80.19604,295.99,0.6,0.7,2024-10-03,2132,N,VIIRS,n,2,281.14,1.57,N,2
36.99815,80.19555,296.43,0.6,0.7,2024-10-03,2132,N,VIIRS,n,2,281.17,0.94,N,2
38.65915,76.17226,308.09,0.34,0.56,2024-10-03,2132,N,VIIRS,n,2,282.7,1.06,N,0
39.64882,75.94486,296.63,0.62,0.54,2024-10-03,2132,N,VIIRS,n,2,277.88,1.4,N,2
35.15419,72.94227,307.37,0.56,0.51,2024-10-03,2133,N,VIIRS,n,2,285.17,1.42,N,0
35.15517,72.9381,319.53,0.56,0.51,2024-10-03,2133,N,VIIRS,n,2,286.76,2.57,N,0
35.15637,72.93309,300.5,0.55,0.51,2024-10-03,2133,N,VIIRS,n,2,285.38,2.57,N,0
30.88997,70.20549,334.4,0.49,0.48,2024-10-03,2134,N,VIIRS,n,2,294.41,4.62,N,0
30.89236,70.20985,313.91,0.49,0.48,2024-10-03,2134,N,VIIRS,n,2,293.18,1.54,N,0
30.89364,70.20412,311.75,0.48,0.48,2024-10-03,2134,N,VIIRS,n,2,293.95,1.54,N,0
30.89431,70.20685,308.96,0.49,0.48,2024-10-03,2134,N,VIIRS,n,2,293.04,1.06,N,0
30.89663,70.21154,308.7,0.49,0.48,2024-10-03,2134,N,VIIRS,n,2,294.12,1.54,N,0
30.89729,70.21464,304.59,0.49,0.48,2024-10-03,2134,N,VIIRS,n,2,294.41,1.06,N,0
30.8986,70.2085,305.79,0.49,0.48,2024-10-03,2134,N,VIIRS,n,2,292.64,1.06,N,0
30.9023,70.20695,322.74,0.48,0.48,2024-10-03,2134,N,VIIRS,n,2,293.83,2.07,N,0
30.90285,70.21031,319.91,0.49,0.48,2024-10-03,2134,N,VIIRS,n,2,294.59,2.62,N,0
30.90417,70.20412,312.7,0.49,0.48,2024-10-03,2134,N,VIIRS,n,2,293.29,2.37,N,0
30.90654,70.20882,310.37,0.48,0.48,2024-10-03,2134,N,VIIRS,n,2,293.7,2.07,N,0
31.65112,74.17517,309.61,0.39,0.59,2024-10-03,2134,N,VIIRS,n,2,295.76,1.15,N,0
31.65645,74.17702,305.54,0.39,0.59,2024-10-03,2134,N,VIIRS,n,2,295.46,0.44,N,0
32.88857,71.61789,308.17,0.53,0.5,2024-10-03,2134,N,VIIRS,n,2,297.07,1.98,N,2
23.26787,70.259,304.43,0.35,0.57,2024-10-03,2136,N,VIIRS,n,2,292.99,0.99,N,2
24.82381,73.09447,302.06,0.48,0.65,2024-10-03,2136,N,VIIRS,n,2,291.18,0.87,N,0
25.29881,71.76982,305.82,0.39,0.6,2024-10-03,2136,N,VIIRS,n,2,295.16,0.69,N,0
19.56846,71.36108,319.22,0.49,0.65,2024-10-03,2137,N,VIIRS,n,2,288.4,11.34,N,3
19.5695,71.35642,367.0,0.49,0.65,2024-10-03,2137,N,VIIRS,h,2,289.73,11.34,N,3
19.57055,71.35176,317.95,0.49,0.65,2024-10-03,2137,N,VIIRS,n,2,289.1,15.95,N,3
21.10489,72.645,322.47,0.55,0.68,2024-10-03,2137,N,VIIRS,n,2,284.91,3.0,N,2
22.13034,72.76853,303.76,0.53,0.67,2024-10-03,2137,N,VIIRS,n,2,291.82,0.73,N,0
22.36229,73.11998,304.0,0.55,0.68,2024-10-03,2137,N,VIIRS,n,2,291.08,0.93,N,0
22.3655,73.12173,304.12,0.55,0.68,2024-10-03,2137,N,VIIRS,n,2,290.41,0.97,N,0
36.20463,99.91084,333.42,0.39,0.6,2024-10-04,531,N,VIIRS,l,2,304.16,2.53,D,0
36.21787,99.96124,331.99,0.39,0.59,2024-10-04,531,N,VIIRS,n,2,302.94,1.52,D,0
8.06178,81.00993,335.19,0.64,0.72,2024-10-04,705,N,VIIRS,n,2,291.33,4.03,D,0
15.55602,80.04858,341.05,0.54,0.68,2024-10-04,707,N,VIIRS,n,2,291.98,3.48,D,0
17.39994,80.95527,330.33,0.43,0.62,2024-10-04,707,N,VIIRS,n,2,296.54,2.55,D,0
19.09326,82.16927,334.92,0.34,0.56,2024-10-04,708,N,VIIRS,n,2,299.75,3.25,D,2
19.09518,82.16856,334.64,0.33,0.56,2024-10-04,708,N,VIIRS,n,2,299.46,6.08,D,2
20.79292,85.25524,335.88,0.4,0.44,2024-10-04,708,N,VIIRS,n,2,282.72,5.12,D,2
20.79604,85.25428,335.64,0.4,0.44,2024-10-04,708,N,VIIRS,n,2,279.3,5.5,D,2
21.37793,81.68029,329.12,0.32,0.55,2024-10-04,708,N,VIIRS,l,2,300.57,2.93,D,2
21.67661,84.03826,330.06,0.46,0.47,2024-10-04,708,N,VIIRS,n,2,297.82,5.93,D,2
22.04283,83.73118,334.29,0.47,0.48,2024-10-04,708,N,VIIRS,n,2,298.52,5.68,D,2
22.04372,83.73567,330.8,0.47,0.48,2024-10-04,708,N,VIIRS,n,2,298.09,5.68,D,2
23.7605,86.40096,331.05,0.47,0.4,2024-10-04,709,N,VIIRS,n,2,292.14,4.48,D,2
23.77944,86.20895,331.62,0.48,0.4,2024-10-04,709,N,VIIRS,n,2,293.27,3.61,D,2
23.80441,86.32958,331.75,0.48,0.4,2024-10-04,709,N,VIIRS,n,2,291.81,3.01,D,2
27.78914,77.90442,333.75,0.4,0.6,2024-10-04,710,N,VIIRS,n,2,298.29,2.83,D,0
29.48214,76.0453,330.43,0.47,0.64,2024-10-04,711,N,VIIRS,n,2,299.62,2.71,D,0
29.56096,76.6387,331.6,0.44,0.62,2024-10-04,711,N,VIIRS,n,2,299.95,2.24,D,0
29.64668,76.47121,333.23,0.44,0.63,2024-10-04,711,N,VIIRS,n,2,300.37,2.8,D,0
30.33733,73.51875,338.49,0.62,0.72,2024-10-04,711,N,VIIRS,n,2,300.98,5.46,D,0
30.53005,73.5587,337.18,0.61,0.71,2024-10-04,711,N,VIIRS,n,2,302.43,4.22,D,0
30.543,73.70567,332.7,0.6,0.71,2024-10-04,711,N,VIIRS,n,2,301.71,3.44,D,0
30.54393,73.70764,330.68,0.6,0.71,2024-10-04,711,N,VIIRS,l,2,302.02,4.17,D,0
30.54826,73.44683,331.93,0.62,0.72,2024-10-04,711,N,VIIRS,n,2,301.9,3.59,D,0
30.55235,73.44631,335.31,0.62,0.72,2024-10-04,711,N,VIIRS,n,2,301.21,3.06,D,0
30.63024,73.89601,344.37,0.59,0.7,2024-10-04,711,N,VIIRS,n,2,301.26,5.58,D,0
31.10192,74.63128,343.05,0.52,0.67,2024-10-04,711,N,VIIRS,n,2,303.48,6.48,D,0
31.10236,74.62861,344.02,0.52,0.67,2024-10-04,711,N,VIIRS,n,2,302.7,4.64,D,0
31.34998,74.53648,339.55,0.52,0.67,2024-10-04,712,N,VIIRS,n,2,301.48,5.59,D,0
31.39766,74.11757,340.72,0.54,0.68,2024-10-04,712,N,VIIRS,n,2,299.72,7.32,D,0
31.40001,74.11359,334.24,0.55,0.68,2024-10-04,712,N,VIIRS,n,2,299.07,3.09,D,0
31.53735,74.14074,338.12,0.54,0.68,2024-10-04,712,N,VIIRS,n,2,300.15,3.25,D,0
31.54083,74.13651,334.87,0.54,0.68,2024-10-04,712,N,VIIRS,n,2,299.22,4.46,D,0
31.54237,74.14211,338.58,0.54,0.68,2024-10-04,712,N,VIIRS,n,2,300.01,4.46,D,0
31.54341,74.1385,336.08,0.54,0.68,2024-10-04,712,N,VIIRS,n,2,298.91,3.86,D,0
31.57668,74.7966,344.94,0.49,0.65,2024-10-04,712,N,VIIRS,n,2,300.88,6.29,D,0
31.61533,75.229,330.58,0.47,0.64,2024-10-04,712,N,VIIRS,n,2,299.27,3.35,D,0
31.85756,74.41319,367.0,0.51,0.66,2024-10-04,712,N,VIIRS,h,2,300.09,12.04,D,0
34.59003,71.07245,328.43,0.66,0.73,2024-10-04,713,N,VIIRS,n,2,295.03,3.38,D,0
35.46489,73.68989,354.06,0.46,0.63,2024-10-04,713,N,VIIRS,n,2,304.37,58.07,D,0
35.4656,73.69251,352.8,0.46,0.63,2024-10-04,713,N,VIIRS,n,2,293.82,39.44,D,0
9.14515,80.50507,330.92,0.6,0.71,2024-10-04,845,N,VIIRS,n,2,289.39,6.31,D,0
18.60193,71.02553,333.69,0.57,0.43,2024-10-04,848,N,VIIRS,n,2,293.69,4.23,D,3
18.68603,73.02986,331.93,0.51,0.49,2024-10-04,848,N,VIIRS,n,2,296.78,2.9,D,2
18.78704,78.38263,330.94,0.57,0.69,2024-10-04,848,N,VIIRS,n,2,294.59,4.12,D,0
21.10303,72.63514,343.66,0.51,0.5,2024-10-04,849,N,VIIRS,n,2,302.17,8.97,D,2
21.10411,72.64516,342.86,0.52,0.5,2024-10-04,849,N,VIIRS,n,2,301.91,11.94,D,2
21.10416,72.63845,342.03,0.51,0.5,2024-10-04,849,N,VIIRS,n,2,300.9,14.72,D,2
21.10531,72.64846,343.15,0.51,0.5,2024-10-04,849,N,VIIRS,n,2,302.37,9.6,D,2
23.85121,71.58338,330.23,0.48,0.48,2024-10-04,850,N,VIIRS,l,2,301.44,4.47,D,0
23.85452,71.58459,336.88,0.48,0.48,2024-10-04,850,N,VIIRS,n,2,300.57,4.0,D,0
27.43712,70.51232,333.2,0.46,0.47,2024-10-04,851,N,VIIRS,l,2,307.4,1.61,D,0
28.82084,71.1587,336.63,0.52,0.5,2024-10-04,851,N,VIIRS,l,2,308.67,1.68,D,0
29.55128,70.53078,332.33,0.48,0.48,2024-10-04,851,N,VIIRS,l,2,305.46,2.17,D,0
29.85807,76.92336,335.32,0.59,0.7,2024-10-04,851,N,VIIRS,n,2,299.07,4.85,D,0
29.85991,76.92635,331.04,0.59,0.7,2024-10-04,851,N,VIIRS,n,2,298.81,4.22,D,0
29.86635,76.45552,332.92,0.55,0.68,2024-10-04,851,N,VIIRS,n,2,299.99,3.55,D,0
29.97566,76.05376,335.93,0.52,0.67,2024-10-04,851,N,VIIRS,n,2,298.66,4.41,D,0
29.93623,71.7056,336.1,0.57,0.52,2024-10-04,852,N,VIIRS,n,2,303.68,4.06,D,0
29.96558,72.61899,367.0,0.33,0.55,2024-10-04,852,N,VIIRS,h,2,306.15,7.68,D,0
30.17416,72.78001,340.25,0.33,0.56,2024-10-04,852,N,VIIRS,n,2,302.8,2.29,D,0
30.18887,76.76853,330.83,0.58,0.7,2024-10-04,852,N,VIIRS,n,2,301.37,3.1,D,0
30.2037,73.23028,333.32,0.36,0.57,2024-10-04,852,N,VIIRS,n,2,302.63,2.05,D,0
30.21786,72.65722,340.93,0.33,0.55,2024-10-04,852,N,VIIRS,n,2,303.2,3.25,D,0
30.22034,72.49017,349.42,0.32,0.55,2024-10-04,852,N,VIIRS,n,2,303.16,3.99,D,0
30.2212,72.65496,349.87,0.33,0.55,2024-10-04,852,N,VIIRS,n,2,304.8,3.47,D,0
30.24762,72.64013,335.99,0.33,0.55,2024-10-04,852,N,VIIRS,n,2,303.56,2.44,D,0
30.26264,73.33501,334.15,0.36,0.58,2024-10-04,852,N,VIIRS,n,2,302.21,1.68,D,0
30.27244,73.3544,333.44,0.36,0.58,2024-10-04,852,N,VIIRS,n,2,302.39,2.36,D,0
30.328,73.06268,344.68,0.35,0.57,2024-10-04,852,N,VIIRS,n,2,303.95,2.25,D,0
30.33544,73.51655,332.63,0.37,0.58,2024-10-04,852,N,VIIRS,l,2,302.97,2.29,D,0
30.37482,72.98701,339.99,0.35,0.56,2024-10-04,852,N,VIIRS,n,2,304.38,3.61,D,0
30.39148,73.60761,340.32,0.38,0.59,2024-10-04,852,N,VIIRS,n,2,303.66,3.23,D,0
30.39262,73.60759,337.51,0.38,0.59,2024-10-04,852,N,VIIRS,n,2,303.56,3.1,D,0
30.44304,72.91644,346.89,0.34,0.56,2024-10-04,852,N,VIIRS,n,2,305.31,2.82,D,0
30.44342,72.91766,340.57,0.34,0.56,2024-10-04,852,N,VIIRS,n,2,305.2,2.95,D,0
30.4473,73.30965,349.06,0.36,0.58,2024-10-04,852,N,VIIRS,n,2,304.14,3.75,D,0
30.45292,73.6061,367.0,0.38,0.59,2024-10-04,852,N,VIIRS,h,2,304.22,7.37,D,0
30.49477,73.43445,340.83,0.37,0.58,2024-10-04,852,N,VIIRS,n,2,301.73,3.9,D,0
30.51557,73.55143,347.42,0.38,0.58,2024-10-04,852,N,VIIRS,n,2,303.37,4.15,D,0
30.51703,73.81354,336.35,0.39,0.59,2024-10-04,852,N,VIIRS,n,2,301.93,2.63,D,0
30.51788,73.81387,336.87,0.39,0.59,2024-10-04,852,N,VIIRS,n,2,301.6,2.19,D,0
30.53644,73.38641,331.05,0.37,0.58,2024-10-04,852,N,VIIRS,n,2,304.18,1.03,D,0
30.57111,73.71336,343.2,0.38,0.59,2024-10-04,852,N,VIIRS,n,2,302.89,3.49,D,0
30.58002,73.53349,367.0,0.38,0.58,2024-10-04,852,N,VIIRS,h,2,304.29,8.27,D,0
30.58079,74.09349,341.61,0.41,0.6,2024-10-04,852,N,VIIRS,n,2,302.78,3.44,D,0
30.58546,73.533,346.67,0.38,0.58,2024-10-04,852,N,VIIRS,n,2,304.57,5.6,D,0
30.62204,73.89307,331.0,0.39,0.6,2024-10-04,852,N,VIIRS,n,2,302.01,2.77,D,0
30.63302,73.41286,347.24,0.37,0.58,2024-10-04,852,N,VIIRS,n,2,305.23,4.43,D,0
30.63878,73.72821,337.81,0.39,0.59,2024-10-04,852,N,VIIRS,n,2,302.52,3.14,D,0
30.63906,73.73233,336.06,0.39,0.59,2024-10-04,852,N,VIIRS,n,2,302.87,3.14,D,0
30.65302,73.53894,330.18,0.38,0.58,2024-10-04,852,N,VIIRS,l,2,302.8,2.0,D,0
30.65331,73.54294,332.19,0.38,0.58,2024-10-04,852,N,VIIRS,n,2,304.48,2.0,D,0
30.67529,73.69602,334.96,0.38,0.59,2024-10-04,852,N,VIIRS,n,2,302.04,1.76,D,0
30.70266,73.22321,336.97,0.36,0.57,2024-10-04,852,N,VIIRS,n,2,303.81,1.91,D,0
30.71491,73.78394,331.46,0.39,0.59,2024-10-04,852,N,VIIRS,l,2,302.97,2.08,D,0
30.77321,73.75524,333.97,0.39,0.59,2024-10-04,852,N,VIIRS,n,2,302.44,2.57,D,0
30.78836,73.89299,335.05,0.4,0.6,2024-10-04,852,N,VIIRS,n,2,302.84,3.11,D,0
30.90471,74.31451,330.44,0.42,0.61,2024-10-04,852,N,VIIRS,n,2,301.37,5.22,D,0
30.905,74.31902,353.9,0.42,0.61,2024-10-04,852,N,VIIRS,n,2,303.17,5.22,D,0
30.91703,72.25568,332.67,0.63,0.54,2024-10-04,852,N,VIIRS,l,2,303.37,2.56,D,0
31.00807,74.20689,338.94,0.42,0.61,2024-10-04,852,N,VIIRS,n,2,302.26,3.82,D,0
31.01463,74.2198,334.15,0.42,0.61,2024-10-04,852,N,VIIRS,n,2,301.38,1.72,D,0
31.22552,74.23737,340.49,0.42,0.61,2024-10-04,852,N,VIIRS,n,2,301.93,3.01,D,0
31.26359,73.98997,333.0,0.41,0.6,2024-10-04,852,N,VIIRS,n,2,303.16,2.46,D,0
31.36737,74.54271,347.59,0.44,0.62,2024-10-04,852,N,VIIRS,n,2,305.26,8.53,D,0
31.43323,72.69357,349.93,0.34,0.56,2024-10-04,852,N,VIIRS,n,2,301.81,4.72,D,0
31.49242,74.59104,356.69,0.44,0.63,2024-10-04,852,N,VIIRS,n,2,301.77,9.34,D,0
31.49273,74.59582,367.0,0.44,0.63,2024-10-04,852,N,VIIRS,h,2,302.41,9.34,D,0
31.49749,74.58762,367.0,0.44,0.63,2024-10-04,852,N,VIIRS,h,2,299.95,11.48,D,0
31.49776,74.59239,367.0,0.44,0.63,2024-10-04,852,N,VIIRS,h,2,300.97,15.52,D,0
31.49804,74.59718,349.5,0.44,0.63,2024-10-04,852,N,VIIRS,n,2,299.9,15.52,D,0
31.49826,74.5906,352.46,0.44,0.63,2024-10-04,852,N,VIIRS,n,2,299.2,9.96,D,0
31.49856,74.59538,367.0,0.44,0.63,2024-10-04,852,N,VIIRS,h,2,300.03,9.96,D,0
31.61802,72.15471,332.4,0.32,0.54,2024-10-04,852,N,VIIRS,n,2,300.57,3.81,D,0
31.63972,70.69317,330.19,0.52,0.5,2024-10-04,852,N,VIIRS,n,2,302.3,2.62,D,0
31.64133,70.69521,331.35,0.52,0.5,2024-10-04,852,N,VIIRS,n,2,302.66,1.62,D,0
31.71658,73.02272,333.08,0.36,0.57,2024-10-04,852,N,VIIRS,n,2,301.84,2.46,D,0
31.74788,72.96842,332.36,0.36,0.57,2024-10-04,852,N,VIIRS,n,2,302.19,1.8,D,0
31.82557,72.30552,334.6,0.33,0.55,2024-10-04,852,N,VIIRS,n,2,301.15,2.11,D,0
31.84945,74.15682,333.35,0.42,0.61,2024-10-04,852,N,VIIRS,n,2,300.24,1.75,D,0
31.8823,74.50096,337.24,0.44,0.62,2024-10-04,852,N,VIIRS,n,2,299.06,3.78,D,0
31.90989,74.11551,338.52,0.42,0.61,2024-10-04,852,N,VIIRS,n,2,299.9,4.19,D,0
31.91188,74.11642,333.96,0.42,0.61,2024-10-04,852,N,VIIRS,n,2,299.56,3.98,D,0
32.5489,74.36984,346.72,0.44,0.62,2024-10-04,852,N,VIIRS,n,2,297.59,3.56,D,0
32.54908,74.36812,334.49,0.44,0.62,2024-10-04,852,N,VIIRS,n,2,297.27,3.29,D,0
34.97083,73.12654,342.12,0.39,0.6,2024-10-04,853,N,VIIRS,n,2,295.64,12.0,D,0
34.97099,73.12926,367.0,0.39,0.6,2024-10-04,853,N,VIIRS,h,2,305.4,12.0,D,0
34.97116,73.13198,334.82,0.39,0.6,2024-10-04,853,N,VIIRS,n,2,295.74,14.12,D,0
34.97595,73.1283,367.0,0.39,0.6,2024-10-04,853,N,VIIRS,h,2,299.39,22.14,D,0
34.97614,73.1317,335.37,0.39,0.6,2024-10-04,853,N,VIIRS,n,2,294.03,15.49,D,0
34.97644,73.1274,351.52,0.39,0.6,2024-10-04,853,N,VIIRS,n,2,295.89,12.0,D,0
34.97664,73.13071,353.42,0.39,0.6,2024-10-04,853,N,VIIRS,n,2,295.3,14.12,D,0
35.15239,72.93673,338.54,0.38,0.59,2024-10-04,853,N,VIIRS,n,2,297.31,5.32,D,0
35.15268,72.94154,346.64,0.38,0.59,2024-10-04,853,N,VIIRS,n,2,298.39,10.34,D,0
35.15283,72.94401,339.75,0.39,0.59,2024-10-04,853,N,VIIRS,n,2,301.29,9.38,D,0
35.15305,72.94761,353.6,0.39,0.59,2024-10-04,853,N,VIIRS,n,2,299.69,9.38,D,0
35.15352,72.95518,346.1,0.39,0.59,2024-10-04,853,N,VIIRS,n,2,293.61,13.17,D,0
39.59247,94.30925,295.43,0.39,0.36,2024-10-04,1932,N,VIIRS,n,2,278.23,0.91,N,0
39.79017,98.29863,317.69,0.42,0.38,2024-10-04,1932,N,VIIRS,n,2,281.33,1.79,N,2
39.79272,97.90959,307.15,0.41,0.37,2024-10-04,1932,N,VIIRS,n,2,279.2,1.18,N,2
39.79277,97.88957,322.72,0.41,0.37,2024-10-04,1932,N,VIIRS,n,2,281.7,2.7,N,2
39.80806,98.29905,297.43,0.42,0.38,2024-10-04,1932,N,VIIRS,n,2,280.54,1.74,N,2
39.81146,98.3001,329.5,0.42,0.38,2024-10-04,1932,N,VIIRS,n,2,285.36,1.74,N,2
39.81234,98.29524,306.56,0.42,0.38,2024-10-04,1932,N,VIIRS,n,2,285.75,1.48,N,2
39.81322,98.29037,297.9,0.42,0.38,2024-10-04,1932,N,VIIRS,n,2,283.58,1.48,N,2
39.81837,98.28173,300.71,0.42,0.38,2024-10-04,1932,N,VIIRS,n,2,282.56,0.89,N,2
39.82177,98.28278,295.4,0.42,0.38,2024-10-04,1932,N,VIIRS,n,2,282.67,0.89,N,2
39.82198,98.24191,297.85,0.42,0.38,2024-10-04,1932,N,VIIRS,n,2,279.87,0.75,N,2
39.84311,98.27602,343.52,0.42,0.38,2024-10-04,1932,N,VIIRS,n,2,281.01,6.14,N,2
39.86112,98.25607,308.97,0.42,0.38,2024-10-04,1932,N,VIIRS,n,2,281.86,1.8,N,2
35.99155,94.82948,304.77,0.39,0.36,2024-10-04,1933,N,VIIRS,n,2,275.15,1.65,N,2
29.08656,88.01054,303.01,0.5,0.41,2024-10-04,1935,N,VIIRS,n,2,277.74,1.32,N,2
29.65862,90.89888,300.76,0.4,0.37,2024-10-04,1935,N,VIIRS,n,2,282.39,1.56,N,2
23.55804,87.23891,322.87,0.47,0.4,2024-10-04,1936,N,VIIRS,n,2,288.69,3.38,N,2
23.55927,87.22966,311.99,0.47,0.4,2024-10-04,1936,N,VIIRS,n,2,288.39,2.39,N,2
23.6678,86.9212,304.17,0.49,0.4,2024-10-04,1936,N,VIIRS,n,2,280.88,0.8,N,2
23.73594,85.01077,299.09,0.41,0.45,2024-10-04,1936,N,VIIRS,n,2,276.1,1.39,N,2
23.73641,85.00675,299.33,0.41,0.45,2024-10-04,1936,N,VIIRS,n,2,275.71,1.3,N,2
23.74009,85.01135,299.93,0.41,0.45,2024-10-04,1936,N,VIIRS,n,2,276.02,1.39,N,2
23.75634,86.39673,303.33,0.52,0.41,2024-10-04,1936,N,VIIRS,n,2,283.06,3.63,N,2
23.75747,86.40351,312.3,0.52,0.41,2024-10-04,1936,N,VIIRS,n,2,287.13,2.62,N,2
23.75811,86.39837,305.86,0.52,0.41,2024-10-04,1936,N,VIIRS,n,2,285.43,1.77,N,2
23.76128,86.40412,313.43,0.52,0.41,2024-10-04,1936,N,VIIRS,n,2,286.28,2.62,N,2
23.76193,86.39897,311.17,0.52,0.41,2024-10-04,1936,N,VIIRS,n,2,286.96,1.77,N,2
23.76257,86.39384,301.67,0.52,0.41,2024-10-04,1936,N,VIIRS,n,2,284.62,1.77,N,2
23.77406,86.36436,305.62,0.52,0.42,2024-10-04,1936,N,VIIRS,n,2,287.31,2.41,N,2
23.77531,86.38548,315.49,0.52,0.41,2024-10-04,1936,N,VIIRS,n,2,288.23,2.26,N,2
23.77785,86.39626,304.52,0.52,0.41,2024-10-04,1936,N,VIIRS,n,2,287.1,0.88,N,2
23.77849,86.39119,319.68,0.52,0.41,2024-10-04,1936,N,VIIRS,n,2,288.67,2.26,N,2
23.77913,86.38609,305.07,0.52,0.41,2024-10-04,1936,N,VIIRS,n,2,288.16,2.26,N,2
23.78052,86.21138,308.82,0.53,0.42,2024-10-04,1936,N,VIIRS,n,2,285.45,1.56,N,2
23.78119,86.20616,299.34,0.53,0.42,2024-10-04,1936,N,VIIRS,n,2,282.19,2.6,N,2
23.78182,86.20747,302.27,0.53,0.42,2024-10-04,1936,N,VIIRS,n,2,280.87,0.79,N,2
23.78231,86.39178,310.14,0.52,0.41,2024-10-04,1936,N,VIIRS,n,2,288.01,2.22,N,2
23.80607,86.3274,304.54,0.52,0.42,2024-10-04,1936,N,VIIRS,n,2,287.58,3.07,N,2
23.81057,84.84579,297.82,0.42,0.45,2024-10-04,1936,N,VIIRS,n,2,274.81,0.71,N,2
24.62312,98.75411,298.45,0.52,0.5,2024-10-04,1936,N,VIIRS,n,2,280.1,0.98,N,0
26.64292,79.4759,308.49,0.49,0.65,2024-10-04,1936,N,VIIRS,n,2,294.53,1.45,N,2
26.76135,83.20042,309.23,0.58,0.52,2024-10-04,1936,N,VIIRS,n,2,296.01,3.39,N,2
20.79366,85.255,322.54,0.55,0.43,2024-10-04,1937,N,VIIRS,n,2,288.02,5.27,N,2
20.86736,84.99055,297.98,0.57,0.43,2024-10-04,1937,N,VIIRS,n,2,277.66,1.16,N,2
20.9401,86.05933,309.25,0.5,0.41,2024-10-04,1937,N,VIIRS,n,2,273.89,0.82,N,2
20.9533,86.04668,298.4,0.5,0.41,2024-10-04,1937,N,VIIRS,n,2,272.04,0.73,N,2
20.96354,85.17194,315.88,0.56,0.43,2024-10-04,1937,N,VIIRS,n,2,286.13,2.78,N,2
20.96562,85.15565,303.07,0.56,0.43,2024-10-04,1937,N,VIIRS,n,2,282.52,2.01,N,2
20.96751,85.17251,309.8,0.56,0.43,2024-10-04,1937,N,VIIRS,n,2,286.7,2.78,N,2
20.97042,86.00468,309.59,0.5,0.41,2024-10-04,1937,N,VIIRS,n,2,275.51,2.16,N,2
20.97078,85.17848,308.39,0.56,0.43,2024-10-04,1937,N,VIIRS,n,2,287.38,1.91,N,2
20.97147,85.17305,309.24,0.56,0.43,2024-10-04,1937,N,VIIRS,n,2,286.63,1.91,N,2
20.97892,85.14651,301.51,0.56,0.43,2024-10-04,1937,N,VIIRS,n,2,279.36,1.56,N,2
21.07641,85.03373,307.19,0.57,0.43,2024-10-04,1937,N,VIIRS,n,2,291.23,2.94,N,2
21.18038,81.38561,310.42,0.32,0.55,2024-10-04,1937,N,VIIRS,n,2,294.19,2.41,N,3
21.18513,81.38938,310.06,0.32,0.55,2024-10-04,1937,N,VIIRS,n,2,294.57,1.49,N,3
21.19463,81.39687,314.34,0.32,0.55,2024-10-04,1937,N,VIIRS,n,2,293.51,0.96,N,2
21.19772,81.41628,310.8,0.32,0.55,2024-10-04,1937,N,VIIRS,n,2,293.06,0.81,N,2
21.245,79.22525,309.3,0.44,0.63,2024-10-04,1937,N,VIIRS,n,2,294.3,1.36,N,2
21.24577,79.22312,317.06,0.44,0.63,2024-10-04,1937,N,VIIRS,n,2,294.31,1.84,N,2
21.36722,81.67633,308.78,0.62,0.54,2024-10-04,1937,N,VIIRS,n,2,293.13,1.8,N,2
21.3761,81.64022,306.85,0.62,0.54,2024-10-04,1937,N,VIIRS,n,2,291.93,1.9,N,2
21.37722,81.67749,306.6,0.62,0.54,2024-10-04,1937,N,VIIRS,n,2,292.96,2.52,N,2
21.39048,81.64819,307.28,0.62,0.54,2024-10-04,1937,N,VIIRS,n,2,292.44,1.76,N,2
21.67651,84.03549,306.53,0.44,0.46,2024-10-04,1937,N,VIIRS,n,2,293.04,2.23,N,2
21.67869,84.03815,322.68,0.44,0.46,2024-10-04,1937,N,VIIRS,n,2,295.34,5.62,N,2
21.68032,84.04041,316.62,0.44,0.46,2024-10-04,1937,N,VIIRS,n,2,295.04,2.23,N,2
21.68081,84.03606,307.99,0.44,0.46,2024-10-04,1937,N,VIIRS,n,2,294.02,2.23,N,2
21.75611,83.84115,310.25,0.46,0.47,2024-10-04,1937,N,VIIRS,n,2,292.44,3.18,N,2
21.75644,84.02467,311.47,0.45,0.47,2024-10-04,1937,N,VIIRS,n,2,292.57,3.01,N,2
21.76046,83.84172,316.93,0.46,0.47,2024-10-04,1937,N,VIIRS,n,2,290.13,3.23,N,2
21.76987,84.02208,303.34,0.45,0.47,2024-10-04,1937,N,VIIRS,n,2,289.77,1.65,N,2
21.97833,83.2383,301.94,0.5,0.49,2024-10-04,1937,N,VIIRS,n,2,283.57,0.7,N,0
21.97851,83.23966,303.38,0.5,0.49,2024-10-04,1937,N,VIIRS,n,2,283.9,1.1,N,2
21.98287,83.23891,300.77,0.5,0.49,2024-10-04,1937,N,VIIRS,n,2,283.68,0.57,N,2
21.98345,83.23399,303.45,0.5,0.49,2024-10-04,1937,N,VIIRS,n,2,283.08,0.57,N,2
21.98413,83.2304,304.89,0.5,0.49,2024-10-04,1937,N,VIIRS,n,2,282.78,1.75,N,2
22.00468,82.67038,310.31,0.55,0.51,2024-10-04,1937,N,VIIRS,n,2,290.17,2.37,N,2
22.04022,83.73193,314.43,0.47,0.48,2024-10-04,1937,N,VIIRS,n,2,287.05,0.79,N,2
22.04027,83.73441,310.89,0.47,0.48,2024-10-04,1937,N,VIIRS,n,2,288.17,1.96,N,2
22.04463,83.73248,304.52,0.47,0.48,2024-10-04,1937,N,VIIRS,n,2,289.06,0.79,N,2
22.1087,83.52377,306.01,0.48,0.48,2024-10-04,1937,N,VIIRS,n,2,291.31,0.93,N,2
22.19214,91.77964,309.91,0.4,0.37,2024-10-04,1937,N,VIIRS,n,2,281.72,1.39,N,3
22.21109,84.86275,311.82,0.4,0.44,2024-10-04,1937,N,VIIRS,n,2,296.37,2.54,N,2
22.33012,82.65555,313.52,0.55,0.51,2024-10-04,1937,N,VIIRS,n,2,292.16,2.33,N,2
22.35812,82.30375,309.74,0.58,0.52,2024-10-04,1937,N,VIIRS,n,2,291.6,1.46,N,2
22.78655,86.20719,305.56,0.52,0.41,2024-10-04,1937,N,VIIRS,n,2,288.58,1.32,N,2
22.79037,86.20774,306.79,0.52,0.41,2024-10-04,1937,N,VIIRS,n,2,288.2,1.32,N,2
22.79103,86.2027,306.26,0.52,0.41,2024-10-04,1937,N,VIIRS,n,2,288.4,3.67,N,2
22.79551,86.19821,310.26,0.52,0.41,2024-10-04,1937,N,VIIRS,n,2,288.46,3.36,N,3
22.79795,86.08967,308.25,0.52,0.42,2024-10-04,1937,N,VIIRS,n,2,288.24,1.33,N,2
22.79801,86.2088,326.29,0.52,0.41,2024-10-04,1937,N,VIIRS,n,2,288.39,4.16,N,2
22.80179,86.09025,310.62,0.52,0.42,2024-10-04,1937,N,VIIRS,n,2,289.11,1.52,N,2
22.87396,86.06092,311.69,0.53,0.42,2024-10-04,1937,N,VIIRS,n,2,291.47,1.88,N,2
23.16465,82.33985,318.95,0.59,0.53,2024-10-04,1937,N,VIIRS,n,2,292.3,1.78,N,2
23.16953,82.34061,302.76,0.59,0.53,2024-10-04,1937,N,VIIRS,n,2,291.1,1.78,N,2
23.64806,85.43985,303.37,0.39,0.44,2024-10-04,1937,N,VIIRS,n,2,287.76,0.61,N,0
23.66445,84.99815,303.23,0.41,0.45,2024-10-04,1937,N,VIIRS,n,2,281.76,1.43,N,2
17.60592,83.20128,308.18,0.44,0.46,2024-10-04,1938,N,VIIRS,n,2,291.65,3.99,N,2
17.60782,83.20203,306.42,0.44,0.46,2024-10-04,1938,N,VIIRS,n,2,291.51,1.38,N,2
17.95899,80.78677,307.36,0.32,0.55,2024-10-04,1938,N,VIIRS,n,2,294.11,1.69,N,0
17.95934,80.78373,306.64,0.32,0.55,2024-10-04,1938,N,VIIRS,n,2,293.84,1.46,N,0
18.54095,83.34339,306.59,0.45,0.47,2024-10-04,1938,N,VIIRS,n,2,291.8,0.81,N,0
18.6719,79.55569,304.94,0.39,0.6,2024-10-04,1938,N,VIIRS,n,2,288.14,0.87,N,0
18.67252,79.55695,307.61,0.39,0.6,2024-10-04,1938,N,VIIRS,n,2,287.75,1.0,N,0
18.71868,79.53781,313.64,0.4,0.6,2024-10-04,1938,N,VIIRS,n,2,292.65,1.41,N,2
19.96564,79.33389,302.86,0.42,0.61,2024-10-04,1938,N,VIIRS,n,2,289.3,0.47,N,2
37.00078,80.19385,295.56,0.34,0.56,2024-10-04,2113,N,VIIRS,n,2,282.79,0.71,N,0
38.65708,76.16982,306.51,0.39,0.44,2024-10-04,2113,N,VIIRS,n,2,282.86,1.31,N,0
39.05042,76.1822,299.13,0.38,0.43,2024-10-04,2113,N,VIIRS,n,2,284.15,0.56,N,0
39.05431,76.18358,296.39,0.38,0.43,2024-10-04,2113,N,VIIRS,n,2,285.64,0.56,N,0
39.65046,75.94132,315.29,0.55,0.42,2024-10-04,2113,N,VIIRS,n,2,285.04,2.69,N,2
35.18167,70.9679,296.48,0.41,0.37,2024-10-04,2114,N,VIIRS,n,2,286.26,0.6,N,0
35.46329,73.68489,302.05,0.51,0.41,2024-10-04,2114,N,VIIRS,n,2,280.48,1.1,N,0
35.46423,73.68439,323.73,0.51,0.41,2024-10-04,2114,N,VIIRS,n,2,281.09,4.37,N,0
35.4668,73.68701,332.18,0.51,0.41,2024-10-04,2114,N,VIIRS,n,2,285.85,5.5,N,0
35.57435,73.4621,324.26,0.5,0.41,2024-10-04,2114,N,VIIRS,n,2,283.37,1.41,N,0
35.71579,73.65946,303.12,0.51,0.41,2024-10-04,2114,N,VIIRS,n,2,281.9,0.92,N,0
35.7219,73.86555,295.78,0.52,0.41,2024-10-04,2114,N,VIIRS,n,2,281.01,1.36,N,0
35.79151,73.69288,313.81,0.51,0.41,2024-10-04,2114,N,VIIRS,n,2,283.26,2.54,N,0
35.79161,73.69382,314.91,0.51,0.41,2024-10-04,2114,N,VIIRS,n,2,282.56,2.18,N,0
31.65338,74.17483,312.06,0.42,0.45,2024-10-04,2115,N,VIIRS,n,2,296.0,1.55,N,0
32.29462,70.73288,312.5,0.43,0.38,2024-10-04,2115,N,VIIRS,n,2,297.17,1.44,N,2
32.29504,70.73118,309.92,0.43,0.38,2024-10-04,2115,N,VIIRS,n,2,296.3,1.41,N,2
32.72479,72.81619,305.04,0.52,0.41,2024-10-04,2115,N,VIIRS,n,2,293.35,1.3,N,0
32.88729,71.61407,307.27,0.46,0.39,2024-10-04,2115,N,VIIRS,n,2,295.73,1.51,N,2
33.34713,70.33046,305.74,0.41,0.37,2024-10-04,2115,N,VIIRS,n,2,289.68,0.76,N,0
33.35047,70.33,300.16,0.41,0.37,2024-10-04,2115,N,VIIRS,n,2,289.41,0.29,N,0
34.593,71.06947,301.48,0.42,0.38,2024-10-04,2115,N,VIIRS,n,2,284.99,1.48,N,0
34.59552,71.07541,301.56,0.42,0.38,2024-10-04,2115,N,VIIRS,n,2,285.87,0.65,N,0
34.59636,71.0707,320.91,0.42,0.38,2024-10-04,2115,N,VIIRS,n,2,287.06,1.48,N,0
26.64046,79.48083,312.66,0.55,0.68,2024-10-04,2116,N,VIIRS,n,2,295.1,1.81,N,2
26.64405,79.4816,313.29,0.55,0.68,2024-10-04,2116,N,VIIRS,n,2,294.97,2.21,N,2
26.87602,73.51659,306.51,0.48,0.48,2024-10-04,2116,N,VIIRS,n,2,294.66,2.33,N,2
27.37178,77.69406,316.24,0.42,0.61,2024-10-04,2116,N,VIIRS,n,2,294.41,1.33,N,0
27.66818,76.13166,305.1,0.33,0.55,2024-10-04,2116,N,VIIRS,n,2,294.21,1.31,N,2
24.66195,74.63171,305.73,0.62,0.54,2024-10-04,2117,N,VIIRS,n,2,295.09,1.59,N,2
25.29964,71.76865,313.51,0.41,0.45,2024-10-04,2117,N,VIIRS,n,2,294.86,2.11,N,0
20.90892,71.46225,305.75,0.47,0.48,2024-10-04,2118,N,VIIRS,n,2,294.55,1.42,N,2
20.9097,71.46017,315.29,0.47,0.48,2024-10-04,2118,N,VIIRS,n,2,295.02,3.11,N,2
20.90979,71.45776,309.22,0.47,0.48,2024-10-04,2118,N,VIIRS,n,2,294.26,1.42,N,2
21.10183,72.64788,305.72,0.55,0.51,2024-10-04,2118,N,VIIRS,n,2,292.79,4.53,N,2
21.10245,72.63557,319.43,0.55,0.51,2024-10-04,2118,N,VIIRS,n,2,294.26,9.78,N,2
21.10294,72.64262,315.72,0.55,0.51,2024-10-04,2118,N,VIIRS,n,2,293.92,4.53,N,2
21.10404,72.63737,316.82,0.55,0.51,2024-10-04,2118,N,VIIRS,n,2,293.24,4.57,N,2
21.10498,72.6472,342.26,0.55,0.51,2024-10-04,2118,N,VIIRS,n,2,294.97,12.1,N,2
21.10649,72.64896,324.77,0.55,0.51,2024-10-04,2118,N,VIIRS,n,2,294.72,4.53,N,2
21.10759,72.64371,339.4,0.55,0.51,2024-10-04,2118,N,VIIRS,n,2,295.15,4.53,N,2
21.10964,72.64831,309.43,0.55,0.51,2024-10-04,2118,N,VIIRS,n,2,294.66,3.71,N,2
22.13132,72.76461,307.17,0.54,0.5,2024-10-04,2118,N,VIIRS,n,2,293.75,2.6,N,0
23.26689,70.25908,307.07,0.55,0.42,2024-10-04,2118,N,VIIRS,n,2,295.66,1.58,N,2
18.5999,71.0256,322.81,0.48,0.48,2024-10-04,2119,N,VIIRS,n,2,287.32,2.03,N,3
18.60432,71.02653,308.77,0.48,0.48,2024-10-04,2119,N,VIIRS,n,2,286.63,2.03,N,3
18.68274,73.02942,311.31,0.32,0.55,2024-10-04,2119,N,VIIRS,n,2,292.15,0.88,N,2
18.68775,73.03056,319.7,0.32,0.55,2024-10-04,2119,N,VIIRS,n,2,294.18,2.1,N,2
18.69087,73.04085,309.13,0.32,0.55,2024-10-04,2119,N,VIIRS,n,2,293.9,1.13,N,2
18.70042,73.80014,319.08,0.36,0.58,2024-10-04,2119,N,VIIRS,n,2,291.1,1.34,N,0
18.70115,73.79671,307.82,0.36,0.58,2024-10-04,2119,N,VIIRS,n,2,290.35,1.34,N,0
18.70172,73.79914,333.73,0.36,0.58,2024-10-04,2119,N,VIIRS,n,2,291.11,2.8,N,0
18.91858,72.04093,312.51,0.55,0.51,2024-10-04,2119,N,VIIRS,n,2,293.71,3.77,N,3
19.10269,73.0515,304.87,0.32,0.54,2024-10-04,2119,N,VIIRS,n,2,293.3,0.49,N,2
19.3705,71.35387,322.97,0.49,0.49,2024-10-04,2119,N,VIIRS,n,2,291.19,2.34,N,3
16.11409,99.66694,336.24,0.45,0.39,2024-10-05,647,N,VIIRS,n,2,292.37,3.75,D,0
18.30772,96.43469,333.55,0.38,0.36,2024-10-05,648,N,VIIRS,n,2,294.7,1.8,D,0
22.78531,86.20345,329.83,0.63,0.54,2024-10-05,650,N,VIIRS,n,2,295.3,7.0,D,2
23.73576,85.0109,328.15,0.36,0.57,2024-10-05,650,N,VIIRS,l,2,301.95,5.8,D,2
23.73651,85.01431,330.67,0.36,0.57,2024-10-05,650,N,VIIRS,l,2,302.59,5.74,D,2
23.7787,86.39071,328.73,0.59,0.53,2024-10-05,650,N,VIIRS,n,2,292.39,8.5,D,2
29.12721,89.25356,344.43,0.49,0.4,2024-10-05,651,N,VIIRS,n,2,300.55,9.28,D,0
36.06393,97.76736,335.88,0.4,0.44,2024-10-05,653,N,VIIRS,n,2,299.06,1.89,D,0
37.33038,97.17836,355.45,0.39,0.44,2024-10-05,653,N,VIIRS,n,2,307.32,18.89,D,0
8.63261,80.54184,326.83,0.56,0.52,2024-10-05,826,N,VIIRS,n,2,285.18,4.63,D,0
16.52662,80.44236,350.56,0.35,0.57,2024-10-05,829,N,VIIRS,n,2,294.16,2.68,D,0
18.27846,74.39661,332.88,0.48,0.4,2024-10-05,829,N,VIIRS,l,2,306.04,4.1,D,0
18.77259,79.47626,332.42,0.33,0.55,2024-10-05,829,N,VIIRS,n,2,289.54,1.54,D,0
19.3048,73.11097,334.34,0.43,0.38,2024-10-05,830,N,VIIRS,n,2,303.8,12.4,D,0
19.36932,71.35535,332.82,0.39,0.36,2024-10-05,830,N,VIIRS,n,2,297.05,3.01,D,3
19.41772,77.24574,333.92,0.48,0.48,2024-10-05,830,N,VIIRS,n,2,293.05,4.03,D,0
21.1011,72.63598,348.54,0.43,0.38,2024-10-05,830,N,VIIRS,n,2,303.89,5.4,D,2
21.10572,72.64367,335.72,0.43,0.38,2024-10-05,830,N,VIIRS,n,2,304.08,5.33,D,2
21.10629,72.6478,345.3,0.43,0.38,2024-10-05,830,N,VIIRS,n,2,304.91,8.21,D,2
22.03834,83.73058,332.18,0.67,0.74,2024-10-05,830,N,VIIRS,n,2,293.67,9.33,D,2
22.04524,83.73022,331.97,0.67,0.74,2024-10-05,830,N,VIIRS,n,2,293.05,9.86,D,2
22.3556,82.30369,352.49,0.55,0.68,2024-10-05,830,N,VIIRS,n,2,298.84,16.45,D,2
22.67876,75.34551,331.39,0.4,0.44,2024-10-05,831,N,VIIRS,l,2,303.78,2.86,D,0
22.74618,75.17782,333.41,0.39,0.44,2024-10-05,831,N,VIIRS,n,2,305.37,3.7,D,0
22.87642,75.77121,333.41,0.43,0.46,2024-10-05,831,N,VIIRS,n,2,304.85,1.7,D,0
22.87918,75.94838,333.12,0.44,0.46,2024-10-05,831,N,VIIRS,l,2,305.98,4.71,D,0
22.88292,75.60555,330.11,0.42,0.45,2024-10-05,831,N,VIIRS,l,2,304.79,2.44,D,0
22.97906,75.69463,331.12,0.43,0.46,2024-10-05,831,N,VIIRS,l,2,304.34,1.8,D,0
22.98472,75.89636,330.97,0.44,0.46,2024-10-05,831,N,VIIRS,l,2,305.71,2.59,D,0
23.51237,71.78748,334.89,0.42,0.38,2024-10-05,831,N,VIIRS,n,2,296.84,2.87,D,0
23.51356,71.7867,336.82,0.42,0.38,2024-10-05,831,N,VIIRS,n,2,298.56,2.23,D,0
27.42482,71.09878,342.75,0.43,0.38,2024-10-05,832,N,VIIRS,n,2,312.91,4.35,D,0
27.79209,73.57272,333.62,0.55,0.43,2024-10-05,832,N,VIIRS,l,2,307.99,1.52,D,0
27.93048,77.47321,335.95,0.63,0.54,2024-10-05,832,N,VIIRS,n,2,297.74,9.51,D,0
28.72118,77.52313,341.49,0.32,0.55,2024-10-05,832,N,VIIRS,n,2,301.71,2.61,D,0
28.72709,71.01165,332.97,0.43,0.38,2024-10-05,832,N,VIIRS,l,2,304.46,5.09,D,0
28.7306,71.01106,334.18,0.43,0.38,2024-10-05,832,N,VIIRS,l,2,306.98,4.66,D,0
28.76747,71.04581,345.46,0.44,0.38,2024-10-05,832,N,VIIRS,n,2,309.3,9.9,D,0
29.29953,76.87688,336.23,0.6,0.53,2024-10-05,832,N,VIIRS,n,2,301.45,6.98,D,0
29.3692,75.83835,337.55,0.52,0.5,2024-10-05,832,N,VIIRS,n,2,300.2,4.85,D,0
29.37017,70.60728,340.94,0.43,0.38,2024-10-05,832,N,VIIRS,n,2,310.39,2.89,D,0
29.41309,75.66554,338.76,0.51,0.49,2024-10-05,832,N,VIIRS,n,2,302.95,4.46,D,0
29.54985,73.90503,344.16,0.4,0.44,2024-10-05,832,N,VIIRS,n,2,310.33,4.04,D,0
29.55068,74.51514,346.11,0.44,0.46,2024-10-05,832,N,VIIRS,n,2,303.54,7.52,D,0
29.61221,76.60126,333.39,0.58,0.52,2024-10-05,832,N,VIIRS,n,2,303.13,4.96,D,0
29.6465,75.97894,336.7,0.53,0.5,2024-10-05,832,N,VIIRS,n,2,300.15,3.11,D,0
29.7055,75.87946,331.13,0.53,0.5,2024-10-05,832,N,VIIRS,l,2,301.98,3.1,D,0
29.82662,76.57308,330.15,0.58,0.52,2024-10-05,832,N,VIIRS,n,2,300.12,2.77,D,0
29.95509,76.93462,335.5,0.61,0.54,2024-10-05,832,N,VIIRS,n,2,298.53,9.11,D,0
29.95515,76.93657,341.08,0.61,0.54,2024-10-05,832,N,VIIRS,n,2,298.62,9.13,D,0
29.96452,76.9271,345.17,0.61,0.54,2024-10-05,832,N,VIIRS,n,2,297.83,8.62,D,0
29.96454,76.92908,340.45,0.61,0.54,2024-10-05,832,N,VIIRS,n,2,297.02,11.35,D,0
29.44875,70.62716,339.89,0.43,0.38,2024-10-05,833,N,VIIRS,n,2,307.47,3.21,D,0
29.56916,70.83476,333.49,0.43,0.38,2024-10-05,833,N,VIIRS,n,2,304.49,2.76,D,0
29.66754,71.91758,343.05,0.48,0.4,2024-10-05,833,N,VIIRS,n,2,305.91,5.21,D,0
29.66923,71.91531,337.24,0.48,0.4,2024-10-05,833,N,VIIRS,l,2,307.58,10.81,D,0
29.67124,71.91699,332.69,0.48,0.4,2024-10-05,833,N,VIIRS,l,2,306.68,5.21,D,0
29.79587,72.6834,331.25,0.53,0.42,2024-10-05,833,N,VIIRS,l,2,303.1,4.29,D,0
29.81849,70.03795,339.78,0.41,0.37,2024-10-05,833,N,VIIRS,n,2,305.97,3.73,D,0
29.82189,70.03716,333.43,0.41,0.37,2024-10-05,833,N,VIIRS,l,2,304.37,2.28,D,0
29.86071,72.73496,334.01,0.53,0.42,2024-10-05,833,N,VIIRS,n,2,303.48,2.37,D,0
29.86172,72.73254,336.03,0.53,0.42,2024-10-05,833,N,VIIRS,n,2,304.39,6.41,D,0
29.86457,72.73438,331.84,0.53,0.42,2024-10-05,833,N,VIIRS,n,2,302.08,3.11,D,0
30.05132,72.4129,332.91,0.51,0.41,2024-10-05,833,N,VIIRS,n,2,303.55,2.44,D,0
30.05603,71.99773,332.78,0.49,0.4,2024-10-05,833,N,VIIRS,n,2,303.3,2.44,D,0
30.06861,73.20193,333.2,0.56,0.43,2024-10-05,833,N,VIIRS,n,2,303.11,2.78,D,0
30.13383,71.54507,336.31,0.47,0.4,2024-10-05,833,N,VIIRS,n,2,302.95,3.11,D,0
30.14528,72.61886,343.74,0.53,0.42,2024-10-05,833,N,VIIRS,n,2,303.52,6.27,D,0
30.2151,70.75189,330.3,0.44,0.38,2024-10-05,833,N,VIIRS,l,2,304.25,3.0,D,0
30.21848,77.20631,332.25,0.32,0.55,2024-10-05,833,N,VIIRS,n,2,299.77,1.37,D,0
30.22004,72.99937,332.91,0.55,0.43,2024-10-05,833,N,VIIRS,l,2,303.4,2.36,D,0
30.22081,72.99576,335.55,0.55,0.43,2024-10-05,833,N,VIIRS,n,2,302.84,4.61,D,0
30.28833,76.83191,342.32,0.61,0.53,2024-10-05,833,N,VIIRS,n,2,301.17,6.32,D,0
30.28908,76.83029,333.94,0.61,0.53,2024-10-05,833,N,VIIRS,n,2,300.72,7.74,D,0
30.32655,72.99348,343.04,0.55,0.43,2024-10-05,833,N,VIIRS,n,2,301.78,8.79,D,0
30.32697,72.98947,335.86,0.55,0.43,2024-10-05,833,N,VIIRS,n,2,301.83,4.03,D,0
30.32764,72.99523,333.74,0.55,0.43,2024-10-05,833,N,VIIRS,n,2,301.01,4.14,D,0
30.37597,73.60457,330.57,0.4,0.44,2024-10-05,833,N,VIIRS,n,2,299.59,2.47,D,0
30.37643,73.60873,341.25,0.4,0.44,2024-10-05,833,N,VIIRS,n,2,300.96,5.58,D,0
30.39739,72.77419,336.17,0.54,0.42,2024-10-05,833,N,VIIRS,n,2,301.25,2.75,D,0
30.40037,71.73067,338.44,0.48,0.4,2024-10-05,833,N,VIIRS,n,2,301.95,6.73,D,0
30.40405,71.73007,336.84,0.48,0.4,2024-10-05,833,N,VIIRS,n,2,301.6,5.94,D,0
30.40503,77.15314,331.98,0.32,0.55,2024-10-05,833,N,VIIRS,n,2,300.61,2.06,D,0
30.41184,72.28435,340.09,0.51,0.41,2024-10-05,833,N,VIIRS,n,2,300.07,6.21,D,0
30.43348,73.88562,344.76,0.41,0.45,2024-10-05,833,N,VIIRS,n,2,304.1,7.13,D,0
30.44616,73.80527,332.48,0.41,0.45,2024-10-05,833,N,VIIRS,n,2,301.9,2.53,D,0
30.44712,73.31673,348.51,0.38,0.43,2024-10-05,833,N,VIIRS,n,2,301.8,7.59,D,0
30.48325,73.53107,332.82,0.39,0.44,2024-10-05,833,N,VIIRS,n,2,302.08,1.88,D,0
30.49426,73.63095,340.3,0.4,0.44,2024-10-05,833,N,VIIRS,n,2,300.58,3.44,D,0
30.49472,73.63513,341.57,0.4,0.44,2024-10-05,833,N,VIIRS,n,2,301.18,5.41,D,0
30.49883,73.375,334.41,0.39,0.44,2024-10-05,833,N,VIIRS,n,2,300.71,1.76,D,0
30.5091,73.80524,344.31,0.41,0.45,2024-10-05,833,N,VIIRS,n,2,300.76,5.38,D,0
30.51403,73.67544,335.68,0.4,0.44,2024-10-05,833,N,VIIRS,n,2,300.37,4.1,D,0
30.52118,73.58499,337.11,0.4,0.44,2024-10-05,833,N,VIIRS,n,2,303.39,1.75,D,0
30.52733,73.11607,338.21,0.56,0.43,2024-10-05,833,N,VIIRS,n,2,300.84,6.04,D,0
30.52997,73.51205,334.71,0.39,0.44,2024-10-05,833,N,VIIRS,n,2,302.12,3.24,D,0
30.53312,73.69852,333.69,0.4,0.44,2024-10-05,833,N,VIIRS,n,2,300.93,5.19,D,0
30.53489,73.71548,334.79,0.4,0.45,2024-10-05,833,N,VIIRS,n,2,300.69,2.95,D,0
30.53772,73.46907,332.19,0.39,0.44,2024-10-05,833,N,VIIRS,n,2,300.66,2.06,D,0
30.53787,73.62511,343.39,0.4,0.44,2024-10-05,833,N,VIIRS,n,2,303.33,9.82,D,0
30.56974,73.49802,343.44,0.39,0.44,2024-10-05,833,N,VIIRS,n,2,300.47,5.03,D,0
30.57381,73.49744,346.99,0.39,0.44,2024-10-05,833,N,VIIRS,n,2,299.76,5.03,D,0
30.58842,73.70803,330.31,0.4,0.45,2024-10-05,833,N,VIIRS,n,2,300.72,1.83,D,0
30.59852,73.80204,342.22,0.41,0.45,2024-10-05,833,N,VIIRS,n,2,300.59,4.51,D,0
30.60219,73.91583,333.14,0.42,0.45,2024-10-05,833,N,VIIRS,n,2,300.69,2.65,D,0
30.60568,74.15372,334.1,0.43,0.46,2024-10-05,833,N,VIIRS,n,2,298.28,2.26,D,0
30.63273,72.208,337.32,0.51,0.41,2024-10-05,833,N,VIIRS,n,2,302.96,7.29,D,0
30.64115,73.59,336.11,0.4,0.44,2024-10-05,833,N,VIIRS,n,2,300.54,2.89,D,0
30.66203,72.87378,332.7,0.55,0.43,2024-10-05,833,N,VIIRS,n,2,299.58,5.24,D,0
30.66217,73.7898,330.14,0.41,0.45,2024-10-05,833,N,VIIRS,n,2,300.0,1.85,D,0
30.6648,73.57815,350.95,0.4,0.44,2024-10-05,833,N,VIIRS,n,2,303.68,16.83,D,0
30.67,73.78433,335.58,0.41,0.45,2024-10-05,833,N,VIIRS,n,2,300.88,5.09,D,0
30.70071,73.95682,332.5,0.42,0.45,2024-10-05,833,N,VIIRS,n,2,300.93,3.23,D,0
30.70397,73.94743,338.45,0.42,0.45,2024-10-05,833,N,VIIRS,n,2,300.64,4.4,D,0
30.71187,73.78291,333.96,0.41,0.45,2024-10-05,833,N,VIIRS,n,2,301.04,2.22,D,0
30.71557,73.81745,333.85,0.41,0.45,2024-10-05,833,N,VIIRS,n,2,299.65,1.74,D,0
30.73773,71.73579,333.13,0.49,0.4,2024-10-05,833,N,VIIRS,n,2,300.97,3.61,D,0
30.7396,73.84493,336.23,0.41,0.45,2024-10-05,833,N,VIIRS,n,2,300.83,4.07,D,0
30.74597,74.10413,337.21,0.43,0.46,2024-10-05,833,N,VIIRS,n,2,300.84,3.06,D,0
30.74832,73.67507,335.24,0.4,0.45,2024-10-05,833,N,VIIRS,n,2,300.92,4.44,D,0
30.74941,73.76619,338.91,0.41,0.45,2024-10-05,833,N,VIIRS,n,2,298.6,2.94,D,0
30.75244,73.6745,330.45,0.4,0.45,2024-10-05,833,N,VIIRS,n,2,299.53,2.95,D,0
30.75745,73.26105,333.85,0.38,0.44,2024-10-05,833,N,VIIRS,n,2,297.01,5.79,D,0
30.75879,73.85725,334.44,0.41,0.45,2024-10-05,833,N,VIIRS,n,2,299.08,2.42,D,0
30.76711,73.85611,330.12,0.41,0.45,2024-10-05,833,N,VIIRS,n,2,299.26,2.42,D,0
30.79086,74.00475,341.96,0.42,0.45,2024-10-05,833,N,VIIRS,n,2,299.39,3.37,D,0
30.79311,70.77888,335.46,0.44,0.39,2024-10-05,833,N,VIIRS,n,2,304.68,2.08,D,0
30.79506,74.00417,335.9,0.42,0.45,2024-10-05,833,N,VIIRS,n,2,298.39,2.92,D,0
30.80178,73.55164,330.13,0.4,0.44,2024-10-05,833,N,VIIRS,n,2,296.74,2.76,D,0
30.80691,73.71459,333.66,0.41,0.45,2024-10-05,833,N,VIIRS,n,2,299.82,3.26,D,0
30.81936,73.79156,342.68,0.41,0.45,2024-10-05,833,N,VIIRS,n,2,298.15,4.14,D,0
30.83423,73.89126,335.27,0.42,0.45,2024-10-05,833,N,VIIRS,n,2,299.96,2.94,D,0
30.8384,73.89069,335.62,0.42,0.45,2024-10-05,833,N,VIIRS,n,2,299.54,2.94,D,0
30.85622,73.3341,334.13,0.39,0.44,2024-10-05,833,N,VIIRS,n,2,298.18,3.09,D,0
30.85996,70.9178,334.51,0.45,0.39,2024-10-05,833,N,VIIRS,n,2,304.19,2.08,D,0
30.8737,73.26945,342.15,0.39,0.44,2024-10-05,833,N,VIIRS,n,2,300.61,3.67,D,0
30.87773,73.26888,344.53,0.39,0.44,2024-10-05,833,N,VIIRS,n,2,300.08,3.67,D,0
30.89752,74.08701,341.89,0.43,0.46,2024-10-05,833,N,VIIRS,n,2,298.69,8.65,D,0
30.8996,73.58141,338.43,0.4,0.44,2024-10-05,833,N,VIIRS,n,2,298.65,3.2,D,0
30.95612,74.36853,341.41,0.44,0.46,2024-10-05,833,N,VIIRS,n,2,299.04,5.08,D,0
30.98462,74.18137,330.56,0.43,0.46,2024-10-05,833,N,VIIRS,n,2,298.82,1.73,D,0
30.99949,74.28232,333.1,0.44,0.46,2024-10-05,833,N,VIIRS,n,2,299.49,2.24,D,0
31.00173,74.28314,331.7,0.44,0.46,2024-10-05,833,N,VIIRS,n,2,297.22,1.3,D,0
31.02123,74.75584,333.31,0.47,0.48,2024-10-05,833,N,VIIRS,n,2,299.01,1.89,D,0
31.02572,75.22645,332.92,0.5,0.49,2024-10-05,833,N,VIIRS,n,2,297.46,4.16,D,0
31.03671,74.15679,333.36,0.43,0.46,2024-10-05,833,N,VIIRS,n,2,298.44,2.81,D,0
31.06675,74.45601,339.03,0.45,0.47,2024-10-05,833,N,VIIRS,n,2,300.07,3.65,D,0
31.06787,73.66737,340.07,0.41,0.45,2024-10-05,833,N,VIIRS,n,2,298.97,2.9,D,0
31.09797,74.63789,343.57,0.46,0.47,2024-10-05,833,N,VIIRS,n,2,303.9,8.04,D,0
31.12477,74.68419,348.37,0.47,0.47,2024-10-05,833,N,VIIRS,n,2,303.99,14.49,D,0
31.12916,74.68363,342.09,0.47,0.47,2024-10-05,833,N,VIIRS,n,2,297.6,4.27,D,0
31.3242,74.50475,333.03,0.46,0.47,2024-10-05,833,N,VIIRS,n,2,300.93,2.24,D,0
31.32855,74.50419,339.06,0.46,0.47,2024-10-05,833,N,VIIRS,n,2,299.91,2.24,D,0
31.34303,74.47292,333.28,0.45,0.47,2024-10-05,833,N,VIIRS,n,2,300.26,3.24,D,0
31.34415,74.47465,332.68,0.46,0.47,2024-10-05,833,N,VIIRS,n,2,300.69,3.5,D,0
31.34446,72.17432,338.58,0.52,0.41,2024-10-05,833,N,VIIRS,n,2,299.85,5.14,D,0
31.42343,70.74476,332.81,0.45,0.39,2024-10-05,833,N,VIIRS,l,2,302.88,1.84,D,0
31.43434,72.44076,331.96,0.53,0.42,2024-10-05,833,N,VIIRS,n,2,299.1,3.17,D,0
31.45976,72.35126,341.7,0.53,0.42,2024-10-05,833,N,VIIRS,n,2,302.74,13.07,D,0
31.46046,74.57814,333.43,0.46,0.47,2024-10-05,833,N,VIIRS,n,2,299.83,2.81,D,0
31.51249,73.92885,343.97,0.43,0.46,2024-10-05,833,N,VIIRS,n,2,303.5,13.87,D,0
31.58026,70.74553,336.76,0.45,0.39,2024-10-05,833,N,VIIRS,n,2,302.04,4.73,D,0
31.59277,74.08521,331.39,0.44,0.46,2024-10-05,833,N,VIIRS,n,2,300.52,3.92,D,0
31.59931,70.75197,331.41,0.45,0.39,2024-10-05,833,N,VIIRS,n,2,301.21,2.99,D,0
31.6011,70.73708,334.08,0.45,0.39,2024-10-05,833,N,VIIRS,n,2,301.8,3.57,D,0
31.6394,75.22279,339.82,0.51,0.49,2024-10-05,833,N,VIIRS,n,2,297.76,9.97,D,0
31.65004,72.24362,333.08,0.52,0.42,2024-10-05,833,N,VIIRS,n,2,299.6,3.1,D,0
31.66292,70.69417,333.18,0.45,0.39,2024-10-05,833,N,VIIRS,n,2,302.01,2.13,D,0
31.69384,70.70826,337.99,0.45,0.39,2024-10-05,833,N,VIIRS,n,2,303.35,2.97,D,0
31.6974,70.70764,334.6,0.45,0.39,2024-10-05,833,N,VIIRS,n,2,301.62,2.35,D,0
31.71019,73.13654,339.6,0.39,0.44,2024-10-05,833,N,VIIRS,n,2,299.05,4.02,D,0
31.77839,74.02641,335.21,0.43,0.46,2024-10-05,833,N,VIIRS,n,2,299.4,3.2,D,0
31.79458,74.3211,334.02,0.45,0.47,2024-10-05,833,N,VIIRS,n,2,298.48,3.62,D,0
31.81392,74.20708,345.5,0.45,0.47,2024-10-05,833,N,VIIRS,n,2,299.81,6.2,D,0
31.83119,74.14365,339.44,0.44,0.46,2024-10-05,833,N,VIIRS,n,2,299.46,4.95,D,0
31.85019,74.16023,332.8,0.44,0.46,2024-10-05,833,N,VIIRS,n,2,299.07,3.91,D,0
31.85935,73.45384,340.67,0.41,0.45,2024-10-05,833,N,VIIRS,n,2,300.2,5.32,D,0
31.8731,74.62495,333.01,0.47,0.48,2024-10-05,833,N,VIIRS,n,2,298.53,2.7,D,0
31.87561,70.83167,333.44,0.46,0.39,2024-10-05,833,N,VIIRS,n,2,300.39,3.25,D,0
31.876,74.52508,330.93,0.47,0.47,2024-10-05,833,N,VIIRS,n,2,298.96,3.24,D,0
31.89404,74.52777,332.83,0.47,0.47,2024-10-05,833,N,VIIRS,n,2,298.94,3.76,D,0
31.89699,74.14919,344.77,0.44,0.46,2024-10-05,833,N,VIIRS,n,2,299.55,4.39,D,0
31.90085,74.10091,343.7,0.44,0.46,2024-10-05,833,N,VIIRS,n,2,297.96,4.15,D,0
31.90683,74.29306,333.03,0.45,0.47,2024-10-05,833,N,VIIRS,n,2,300.55,3.27,D,0
31.92969,73.62688,336.72,0.42,0.45,2024-10-05,833,N,VIIRS,n,2,297.93,3.53,D,0
31.94533,72.26742,338.54,0.53,0.42,2024-10-05,833,N,VIIRS,n,2,301.15,4.31,D,0
31.95435,74.3182,331.97,0.45,0.47,2024-10-05,833,N,VIIRS,n,2,298.82,3.65,D,0
31.98188,74.47124,330.24,0.46,0.47,2024-10-05,833,N,VIIRS,n,2,298.87,3.4,D,0
32.03594,74.20972,330.41,0.45,0.47,2024-10-05,833,N,VIIRS,n,2,300.92,2.52,D,0
32.18147,73.71312,331.41,0.42,0.45,2024-10-05,833,N,VIIRS,n,2,298.99,2.67,D,0
32.3484,74.45802,335.91,0.47,0.47,2024-10-05,833,N,VIIRS,n,2,300.55,3.98,D,0
39.68248,98.5206,296.46,0.4,0.37,2024-10-05,1913,N,VIIRS,n,2,279.98,0.62,N,0
39.6834,98.52306,298.67,0.4,0.37,2024-10-05,1913,N,VIIRS,n,2,279.2,0.51,N,0
39.78771,98.29922,297.53,0.4,0.37,2024-10-05,1913,N,VIIRS,n,2,278.57,0.73,N,0
39.79108,98.30001,320.23,0.4,0.37,2024-10-05,1913,N,VIIRS,n,2,281.81,2.09,N,2
39.79154,97.89282,297.79,0.41,0.37,2024-10-05,1913,N,VIIRS,n,2,280.84,1.49,N,2
39.79301,97.90781,298.34,0.41,0.37,2024-10-05,1913,N,VIIRS,n,2,277.73,1.7,N,2
39.81257,98.29543,312.98,0.4,0.37,2024-10-05,1913,N,VIIRS,n,2,284.08,0.9,N,2
39.81322,98.29078,299.23,0.4,0.37,2024-10-05,1913,N,VIIRS,n,2,281.79,0.9,N,2
39.82381,98.24029,295.18,0.4,0.37,2024-10-05,1913,N,VIIRS,n,2,279.43,0.75,N,0
39.84339,98.27554,312.42,0.4,0.37,2024-10-05,1913,N,VIIRS,n,2,279.61,1.25,N,2
39.8474,98.27166,295.65,0.4,0.37,2024-10-05,1913,N,VIIRS,n,2,277.4,0.89,N,2
39.85077,98.27244,311.76,0.4,0.37,2024-10-05,1913,N,VIIRS,n,2,280.08,0.89,N,2
39.86011,98.25532,305.22,0.4,0.37,2024-10-05,1913,N,VIIRS,n,2,279.73,1.16,N,2
39.86347,98.2561,298.38,0.4,0.37,2024-10-05,1913,N,VIIRS,n,2,279.33,0.62,N,2
27.37639,95.08964,304.81,0.4,0.37,2024-10-05,1916,N,VIIRS,n,2,288.63,0.67,N,2
29.08341,88.00941,306.86,0.61,0.54,2024-10-05,1916,N,VIIRS,n,2,277.37,1.93,N,2
29.37683,91.14951,306.37,0.4,0.44,2024-10-05,1916,N,VIIRS,n,2,281.12,0.96,N,2
23.74977,86.41915,299.72,0.33,0.55,2024-10-05,1917,N,VIIRS,n,2,278.07,0.78,N,2
23.75007,86.41587,299.68,0.33,0.55,2024-10-05,1917,N,VIIRS,n,2,276.82,0.65,N,2
23.75648,86.40314,298.02,0.33,0.56,2024-10-05,1917,N,VIIRS,n,2,275.4,0.73,N,2
23.75711,86.39637,297.2,0.33,0.56,2024-10-05,1917,N,VIIRS,n,2,271.65,0.43,N,2
23.76163,86.40382,301.77,0.33,0.56,2024-10-05,1917,N,VIIRS,n,2,273.0,0.78,N,2
23.76195,86.40042,309.03,0.33,0.56,2024-10-05,1917,N,VIIRS,n,2,272.93,0.78,N,2
23.76679,86.40446,301.78,0.33,0.56,2024-10-05,1917,N,VIIRS,n,2,276.17,0.78,N,2
23.76805,86.39105,297.64,0.33,0.56,2024-10-05,1917,N,VIIRS,n,2,274.19,1.06,N,2
23.77574,86.36497,301.28,0.34,0.56,2024-10-05,1917,N,VIIRS,n,2,275.3,1.25,N,2
23.77868,86.38914,300.27,0.33,0.56,2024-10-05,1917,N,VIIRS,n,2,265.88,1.32,N,2
24.44845,83.03812,302.42,0.55,0.68,2024-10-05,1917,N,VIIRS,n,2,289.41,0.86,N,2
24.45024,83.03899,302.77,0.55,0.68,2024-10-05,1917,N,VIIRS,n,2,289.44,0.71,N,2
26.75906,83.19834,305.74,0.57,0.69,2024-10-05,1917,N,VIIRS,n,2,289.58,1.44,N,2
26.75961,83.19891,305.8,0.57,0.69,2024-10-05,1917,N,VIIRS,n,2,289.72,1.33,N,2
20.78386,85.2636,295.77,0.36,0.58,2024-10-05,1918,N,VIIRS,n,2,271.18,0.57,N,2
20.78631,85.26441,300.29,0.36,0.58,2024-10-05,1918,N,VIIRS,n,2,272.62,0.57,N,2
20.78665,85.26089,302.76,0.36,0.58,2024-10-05,1918,N,VIIRS,n,2,272.92,0.57,N,2
20.78699,85.25735,296.73,0.36,0.58,2024-10-05,1918,N,VIIRS,n,2,272.45,0.73,N,2
20.78922,85.26426,298.26,0.36,0.58,2024-10-05,1918,N,VIIRS,n,2,272.68,0.57,N,2
20.78958,85.26074,298.01,0.36,0.58,2024-10-05,1918,N,VIIRS,n,2,273.03,0.57,N,2
20.79269,85.25452,304.74,0.36,0.58,2024-10-05,1918,N,VIIRS,n,2,273.26,1.72,N,2
20.79304,85.25097,299.38,0.36,0.58,2024-10-05,1918,N,VIIRS,n,2,272.85,1.21,N,2
20.79567,85.25438,309.53,0.36,0.58,2024-10-05,1918,N,VIIRS,n,2,273.26,1.62,N,2
20.80342,85.25573,298.01,0.36,0.58,2024-10-05,1918,N,VIIRS,n,2,273.51,0.4,N,2
20.80879,85.25629,297.8,0.36,0.58,2024-10-05,1918,N,VIIRS,n,2,274.0,0.4,N,2
20.8672,84.99571,297.71,0.38,0.59,2024-10-05,1918,N,VIIRS,n,2,276.13,0.81,N,2
20.88504,84.98283,308.01,0.38,0.59,2024-10-05,1918,N,VIIRS,n,2,278.35,0.87,N,2
20.89088,84.97968,298.81,0.38,0.59,2024-10-05,1918,N,VIIRS,n,2,277.96,0.87,N,2
20.96072,86.01125,313.05,0.33,0.55,2024-10-05,1918,N,VIIRS,n,2,274.16,2.62,N,2
20.96105,86.00807,302.09,0.33,0.55,2024-10-05,1918,N,VIIRS,n,2,272.51,1.2,N,2
20.96118,85.1724,298.78,0.37,0.58,2024-10-05,1918,N,VIIRS,n,2,274.07,1.42,N,2
20.96138,86.0049,297.36,0.33,0.55,2024-10-05,1918,N,VIIRS,n,2,271.43,1.2,N,2
20.96584,86.01181,346.55,0.33,0.55,2024-10-05,1918,N,VIIRS,n,2,272.61,2.62,N,2
20.96617,86.00863,312.15,0.33,0.55,2024-10-05,1918,N,VIIRS,n,2,270.43,1.2,N,2
20.9665,86.00546,299.06,0.33,0.55,2024-10-05,1918,N,VIIRS,n,2,268.24,1.2,N,2
20.96695,85.16933,305.55,0.37,0.58,2024-10-05,1918,N,VIIRS,n,2,273.43,1.56,N,2
20.97163,85.17722,299.34,0.37,0.58,2024-10-05,1918,N,VIIRS,n,2,273.21,0.72,N,2
20.9807,85.14133,302.21,0.37,0.58,2024-10-05,1918,N,VIIRS,n,2,276.34,0.88,N,2
21.19567,81.39535,304.68,0.65,0.73,2024-10-05,1918,N,VIIRS,n,2,290.63,1.03,N,2
21.37519,81.67999,308.27,0.63,0.72,2024-10-05,1918,N,VIIRS,n,2,290.51,2.38,N,2
21.67809,84.03694,307.24,0.45,0.63,2024-10-05,1918,N,VIIRS,n,2,280.27,1.71,N,2
21.75221,83.84202,296.18,0.46,0.64,2024-10-05,1918,N,VIIRS,n,2,278.72,0.96,N,2
21.75455,84.02425,311.5,0.45,0.63,2024-10-05,1918,N,VIIRS,n,2,287.91,1.99,N,2
21.75509,83.84139,304.56,0.46,0.64,2024-10-05,1918,N,VIIRS,n,2,279.49,1.2,N,2
21.75619,84.02333,315.08,0.45,0.63,2024-10-05,1918,N,VIIRS,n,2,288.39,1.67,N,2
21.75814,83.84261,318.49,0.46,0.64,2024-10-05,1918,N,VIIRS,n,2,281.17,0.96,N,2
21.7608,84.02043,305.8,0.45,0.63,2024-10-05,1918,N,VIIRS,n,2,290.46,2.53,N,2
21.76102,83.84196,313.58,0.46,0.64,2024-10-05,1918,N,VIIRS,n,2,281.38,1.2,N,2
21.76246,84.01952,307.91,0.45,0.63,2024-10-05,1918,N,VIIRS,n,2,289.63,1.99,N,2
21.76407,83.84323,298.82,0.46,0.64,2024-10-05,1918,N,VIIRS,n,2,282.86,0.43,N,2
21.76705,84.01658,310.31,0.45,0.63,2024-10-05,1918,N,VIIRS,n,2,290.35,2.92,N,2
21.76832,84.02015,310.79,0.45,0.63,2024-10-05,1918,N,VIIRS,n,2,290.35,1.99,N,2
21.87963,83.55421,305.67,0.48,0.65,2024-10-05,1918,N,VIIRS,n,2,290.0,1.04,N,2
21.92199,83.35268,309.2,0.5,0.65,2024-10-05,1918,N,VIIRS,n,2,290.12,1.86,N,2
21.92237,83.35179,312.31,0.5,0.66,2024-10-05,1918,N,VIIRS,n,2,290.08,1.73,N,2
21.92243,83.34776,310.68,0.5,0.66,2024-10-05,1918,N,VIIRS,n,2,289.75,1.86,N,2
21.92277,83.34686,306.03,0.5,0.66,2024-10-05,1918,N,VIIRS,n,2,289.06,1.73,N,2
21.92943,83.33846,305.24,0.5,0.66,2024-10-05,1918,N,VIIRS,n,2,289.54,1.39,N,2
21.92952,85.22166,302.75,0.38,0.59,2024-10-05,1918,N,VIIRS,n,2,282.77,0.9,N,2
22.00268,82.6666,304.69,0.55,0.68,2024-10-05,1918,N,VIIRS,n,2,291.74,1.82,N,2
22.03207,83.36433,305.64,0.5,0.66,2024-10-05,1918,N,VIIRS,n,2,291.14,1.61,N,2
22.03241,83.36378,305.54,0.5,0.66,2024-10-05,1918,N,VIIRS,n,2,291.1,2.01,N,2
22.03939,83.3504,308.51,0.5,0.66,2024-10-05,1918,N,VIIRS,n,2,291.26,1.44,N,2
22.03982,83.34985,306.81,0.5,0.66,2024-10-05,1918,N,VIIRS,n,2,291.03,2.69,N,2
22.04355,83.73483,317.68,0.47,0.64,2024-10-05,1918,N,VIIRS,n,2,291.54,2.73,N,2
22.04395,83.73016,304.61,0.47,0.64,2024-10-05,1918,N,VIIRS,n,2,290.67,2.12,N,2
22.10441,83.52531,307.21,0.49,0.65,2024-10-05,1918,N,VIIRS,n,2,290.58,1.56,N,2
22.1059,83.52221,308.86,0.49,0.65,2024-10-05,1918,N,VIIRS,n,2,291.07,1.64,N,2
22.22298,84.75275,296.66,0.41,0.6,2024-10-05,1918,N,VIIRS,n,2,280.77,0.52,N,2
22.22535,84.75256,300.83,0.41,0.6,2024-10-05,1918,N,VIIRS,n,2,280.93,0.97,N,2
22.32974,82.65584,312.91,0.55,0.68,2024-10-05,1918,N,VIIRS,n,2,290.49,1.71,N,2
22.36207,87.01873,303.95,0.59,0.53,2024-10-05,1918,N,VIIRS,n,2,282.2,1.88,N,2
22.3662,87.29906,302.75,0.56,0.52,2024-10-05,1918,N,VIIRS,n,2,268.07,1.98,N,2
22.36694,87.01939,306.55,0.59,0.53,2024-10-05,1918,N,VIIRS,n,2,284.15,1.88,N,2
22.57227,85.89128,307.63,0.35,0.57,2024-10-05,1918,N,VIIRS,n,2,287.51,1.15,N,0
22.59229,85.90396,309.94,0.35,0.56,2024-10-05,1918,N,VIIRS,n,2,287.42,1.29,N,2
22.7848,86.20367,320.05,0.33,0.56,2024-10-05,1918,N,VIIRS,n,2,288.07,2.1,N,2
22.79064,86.19758,304.22,0.33,0.56,2024-10-05,1918,N,VIIRS,n,2,288.42,1.96,N,2
22.79481,86.20804,304.37,0.33,0.56,2024-10-05,1918,N,VIIRS,n,2,288.11,0.92,N,2
22.80136,86.09072,313.12,0.34,0.56,2024-10-05,1918,N,VIIRS,n,2,289.13,1.35,N,2
22.87271,86.0643,301.48,0.34,0.56,2024-10-05,1918,N,VIIRS,n,2,287.67,0.82,N,2
22.87303,86.06097,309.02,0.34,0.56,2024-10-05,1918,N,VIIRS,n,2,288.09,1.42,N,2
23.16219,82.34098,301.05,0.59,0.7,2024-10-05,1918,N,VIIRS,n,2,290.22,1.41,N,2
23.16386,82.34199,316.35,0.59,0.7,2024-10-05,1918,N,VIIRS,n,2,290.61,1.78,N,2
23.16431,82.33621,303.32,0.59,0.7,2024-10-05,1918,N,VIIRS,n,2,290.72,1.78,N,2
23.16872,82.34202,315.14,0.59,0.7,2024-10-05,1918,N,VIIRS,n,2,291.24,1.41,N,2
23.48051,87.36247,304.25,0.57,0.52,2024-10-05,1918,N,VIIRS,n,2,286.44,3.02,N,2
23.54691,86.5442,304.47,0.32,0.55,2024-10-05,1918,N,VIIRS,n,2,286.73,0.79,N,2
23.55195,87.24321,316.93,0.59,0.53,2024-10-05,1918,N,VIIRS,n,2,286.23,3.26,N,3
23.55997,87.08323,304.68,0.6,0.53,2024-10-05,1918,N,VIIRS,n,2,286.97,1.91,N,2
23.56377,87.0837,304.66,0.6,0.53,2024-10-05,1918,N,VIIRS,n,2,287.27,1.65,N,2
23.61373,86.78798,310.36,0.63,0.54,2024-10-05,1918,N,VIIRS,n,2,288.41,2.46,N,2
23.61468,86.78835,311.14,0.63,0.54,2024-10-05,1918,N,VIIRS,n,2,288.07,1.98,N,2
23.66657,86.91923,319.04,0.62,0.54,2024-10-05,1918,N,VIIRS,n,2,287.9,2.88,N,2
23.67244,86.10892,302.11,0.35,0.56,2024-10-05,1918,N,VIIRS,n,2,277.08,0.56,N,2
23.673,86.11009,298.81,0.35,0.56,2024-10-05,1918,N,VIIRS,n,2,277.96,0.63,N,2
23.67896,86.09566,296.28,0.35,0.57,2024-10-05,1918,N,VIIRS,n,2,270.91,0.78,N,2
23.67928,86.09219,295.93,0.35,0.57,2024-10-05,1918,N,VIIRS,n,2,269.78,0.81,N,2
23.67996,86.0934,303.07,0.35,0.57,2024-10-05,1918,N,VIIRS,n,2,269.87,0.67,N,2
23.68805,86.39104,303.12,0.33,0.55,2024-10-05,1918,N,VIIRS,n,2,282.69,0.83,N,2
23.71955,86.44202,308.45,0.33,0.55,2024-10-05,1918,N,VIIRS,n,2,282.14,2.13,N,2
23.73764,85.01231,311.63,0.41,0.6,2024-10-05,1918,N,VIIRS,n,2,289.26,2.57,N,2
23.738,85.00832,310.21,0.41,0.6,2024-10-05,1918,N,VIIRS,n,2,289.34,2.43,N,2
23.75339,86.41616,303.1,0.33,0.55,2024-10-05,1918,N,VIIRS,n,2,275.91,0.59,N,2
23.75491,85.85432,303.41,0.36,0.57,2024-10-05,1918,N,VIIRS,n,2,279.66,1.23,N,2
23.75541,86.39604,297.94,0.33,0.56,2024-10-05,1918,N,VIIRS,n,2,274.16,0.3,N,2
23.76025,85.85495,303.5,0.36,0.57,2024-10-05,1918,N,VIIRS,n,2,279.27,1.14,N,2
23.82655,84.93674,303.3,0.41,0.61,2024-10-05,1918,N,VIIRS,n,2,290.83,0.53,N,0
23.83897,85.30378,298.78,0.39,0.59,2024-10-05,1918,N,VIIRS,n,2,281.17,0.52,N,2
35.27134,73.1013,300.64,0.38,0.36,2024-10-05,2055,N,VIIRS,n,2,280.77,1.33,N,0
35.28484,72.58631,298.1,0.39,0.36,2024-10-05,2055,N,VIIRS,n,2,280.41,0.41,N,0
31.25941,76.92485,300.14,0.51,0.41,2024-10-05,2056,N,VIIRS,n,2,289.73,0.68,N,2
31.32817,76.89379,300.76,0.51,0.41,2024-10-05,2056,N,VIIRS,n,2,289.98,0.61,N,2
32.88785,71.61589,308.19,0.39,0.36,2024-10-05,2056,N,VIIRS,n,2,291.75,0.86,N,2
33.35186,70.33415,296.0,0.42,0.38,2024-10-05,2056,N,VIIRS,n,2,285.77,0.7,N,0
33.35531,70.33479,307.95,0.42,0.38,2024-10-05,2056,N,VIIRS,n,2,286.23,0.7,N,0
33.35591,70.33035,305.53,0.42,0.38,2024-10-05,2056,N,VIIRS,n,2,287.32,0.7,N,0
33.35652,70.32584,296.47,0.42,0.38,2024-10-05,2056,N,VIIRS,n,2,285.87,0.48,N,0
33.43498,71.09158,327.99,0.4,0.37,2024-10-05,2056,N,VIIRS,n,2,288.25,1.58,N,0
33.6898,72.71407,304.11,0.38,0.36,2024-10-05,2056,N,VIIRS,n,2,288.77,0.72,N,2
26.6415,79.48079,304.54,0.57,0.52,2024-10-05,2057,N,VIIRS,n,2,293.39,0.79,N,2
27.37337,77.69254,306.23,0.44,0.46,2024-10-05,2057,N,VIIRS,n,2,293.9,1.2,N,0
27.66864,76.13007,306.89,0.53,0.42,2024-10-05,2057,N,VIIRS,n,2,295.27,1.94,N,2
28.34865,77.23203,305.64,0.39,0.44,2024-10-05,2057,N,VIIRS,n,2,294.63,0.89,N,2
28.77663,76.9453,305.74,0.56,0.43,2024-10-05,2057,N,VIIRS,n,2,294.1,0.76,N,0
29.12407,75.78056,305.94,0.49,0.4,2024-10-05,2057,N,VIIRS,n,2,295.36,1.17,N,2
29.9109,74.94988,313.39,0.44,0.38,2024-10-05,2057,N,VIIRS,n,2,293.52,2.24,N,2
29.92824,70.06595,311.93,0.4,0.37,2024-10-05,2057,N,VIIRS,n,2,290.86,0.66,N,0
29.92881,70.06201,303.54,0.4,0.37,2024-10-05,2057,N,VIIRS,n,2,289.97,0.66,N,0
21.68085,84.04082,307.9,0.69,0.74,2024-10-05,2058,N,VIIRS,n,2,280.88,2.29,N,2
21.68094,84.03938,307.88,0.69,0.74,2024-10-05,2058,N,VIIRS,n,2,281.33,3.35,N,2
21.75669,84.02525,303.18,0.69,0.74,2024-10-05,2058,N,VIIRS,n,2,283.01,2.3,N,2
21.76505,84.02061,306.36,0.68,0.74,2024-10-05,2058,N,VIIRS,n,2,282.5,2.99,N,2
21.77725,83.82755,296.18,0.67,0.73,2024-10-05,2058,N,VIIRS,n,2,277.02,1.16,N,2
21.877,83.55499,303.45,0.64,0.72,2024-10-05,2058,N,VIIRS,n,2,288.54,1.15,N,2
21.9232,83.35002,306.67,0.62,0.71,2024-10-05,2058,N,VIIRS,n,2,288.21,3.1,N,2
21.98568,83.23469,299.49,0.61,0.71,2024-10-05,2058,N,VIIRS,n,2,283.89,0.62,N,2
22.00531,82.67293,309.35,0.56,0.69,2024-10-05,2058,N,VIIRS,n,2,291.67,1.96,N,2
22.00709,82.67361,303.97,0.56,0.69,2024-10-05,2058,N,VIIRS,n,2,291.02,2.11,N,2
22.03634,83.35239,305.42,0.61,0.71,2024-10-05,2058,N,VIIRS,n,2,287.91,1.83,N,2
22.03843,83.35332,306.63,0.62,0.71,2024-10-05,2058,N,VIIRS,n,2,287.98,1.66,N,2
22.03915,83.73355,302.09,0.65,0.73,2024-10-05,2058,N,VIIRS,n,2,285.49,1.56,N,2
22.04071,83.72727,311.88,0.65,0.73,2024-10-05,2058,N,VIIRS,n,2,286.57,1.56,N,2
22.04569,83.73566,301.41,0.65,0.73,2024-10-05,2058,N,VIIRS,n,2,286.02,1.56,N,2
22.04726,83.72932,307.27,0.65,0.73,2024-10-05,2058,N,VIIRS,n,2,287.0,1.56,N,2
22.35375,82.30427,314.55,0.52,0.67,2024-10-05,2058,N,VIIRS,n,2,290.46,2.42,N,2
22.35495,82.29924,313.67,0.52,0.67,2024-10-05,2058,N,VIIRS,n,2,291.08,2.42,N,0
22.35984,82.30584,310.54,0.52,0.67,2024-10-05,2058,N,VIIRS,n,2,291.78,3.77,N,0
22.36104,82.30081,335.15,0.52,0.67,2024-10-05,2058,N,VIIRS,n,2,292.56,3.77,N,0
23.16541,82.34215,318.8,0.51,0.66,2024-10-05,2058,N,VIIRS,n,2,291.18,1.66,N,2
23.16589,82.34072,315.6,0.51,0.66,2024-10-05,2058,N,VIIRS,n,2,291.11,2.76,N,2
23.1666,82.33713,302.24,0.51,0.66,2024-10-05,2058,N,VIIRS,n,2,290.75,1.66,N,2
24.16695,80.69661,307.52,0.38,0.59,2024-10-05,2058,N,VIIRS,n,2,294.08,1.19,N,2
24.66188,74.63367,314.84,0.5,0.41,2024-10-05,2058,N,VIIRS,n,2,296.68,2.34,N,2
24.69015,73.00133,312.71,0.43,0.38,2024-10-05,2058,N,VIIRS,n,2,295.81,1.28,N,2
25.29901,71.76986,317.1,0.39,0.36,2024-10-05,2058,N,VIIRS,n,2,295.91,1.09,N,0
26.60528,73.68416,307.51,0.43,0.38,2024-10-05,2058,N,VIIRS,n,2,295.43,1.21,N,2
26.87543,73.51724,306.67,0.42,0.38,2024-10-05,2058,N,VIIRS,n,2,295.49,1.36,N,2
26.87961,73.51378,308.34,0.42,0.38,2024-10-05,2058,N,VIIRS,n,2,295.45,1.82,N,2
20.86831,70.56507,307.95,0.39,0.36,2024-10-05,2059,N,VIIRS,n,2,295.15,1.03,N,2
20.91196,71.45869,308.39,0.41,0.37,2024-10-05,2059,N,VIIRS,n,2,295.45,1.33,N,2
21.10269,72.63477,332.43,0.45,0.39,2024-10-05,2059,N,VIIRS,n,2,291.6,3.24,N,2
21.10474,72.64406,328.27,0.45,0.39,2024-10-05,2059,N,VIIRS,n,2,291.68,4.28,N,2
21.10624,72.63548,307.97,0.45,0.39,2024-10-05,2059,N,VIIRS,n,2,290.35,3.24,N,2
21.10978,72.63618,309.27,0.45,0.39,2024-10-05,2059,N,VIIRS,n,2,291.31,2.81,N,2
21.23207,79.62805,303.52,0.38,0.59,2024-10-05,2059,N,VIIRS,n,2,289.71,1.13,N,2
21.36812,81.6809,305.71,0.5,0.66,2024-10-05,2059,N,VIIRS,n,2,291.45,1.84,N,0
21.36876,81.67967,305.68,0.5,0.66,2024-10-05,2059,N,VIIRS,n,2,291.37,1.5,N,2
21.37409,81.68258,305.28,0.5,0.66,2024-10-05,2059,N,VIIRS,n,2,291.4,2.27,N,2
21.37473,81.68133,308.88,0.5,0.66,2024-10-05,2059,N,VIIRS,n,2,291.81,1.5,N,2
21.37695,81.64256,307.8,0.5,0.66,2024-10-05,2059,N,VIIRS,n,2,291.51,1.96,N,2
21.37782,81.64148,307.75,0.5,0.66,2024-10-05,2059,N,VIIRS,n,2,291.13,1.93,N,2
21.38887,81.64579,307.77,0.5,0.66,2024-10-05,2059,N,VIIRS,n,2,291.36,1.63,N,2
21.38975,81.64466,304.67,0.5,0.66,2024-10-05,2059,N,VIIRS,n,2,291.08,1.24,N,2
21.48849,81.77014,309.41,0.51,0.66,2024-10-05,2059,N,VIIRS,n,2,292.18,1.5,N,2
22.13053,72.76675,309.39,0.44,0.39,2024-10-05,2059,N,VIIRS,n,2,294.97,0.69,N,0
22.97815,72.56335,307.41,0.43,0.38,2024-10-05,2059,N,VIIRS,n,2,295.14,1.62,N,2
23.01351,70.10228,309.03,0.38,0.36,2024-10-05,2059,N,VIIRS,n,2,296.94,0.61,N,2
23.25625,70.2616,311.91,0.38,0.36,2024-10-05,2059,N,VIIRS,n,2,296.76,1.09,N,2
23.26133,70.25099,307.28,0.38,0.36,2024-10-05,2059,N,VIIRS,n,2,296.29,0.97,N,2
23.26345,70.25908,321.16,0.38,0.36,2024-10-05,2059,N,VIIRS,n,2,296.9,1.49,N,2
23.26676,70.25969,315.63,0.38,0.36,2024-10-05,2059,N,VIIRS,n,2,296.7,1.49,N,2
23.31543,70.48769,313.24,0.38,0.36,2024-10-05,2059,N,VIIRS,n,2,297.73,1.43,N,2
17.82902,76.92934,299.57,0.59,0.53,2024-10-05,2100,N,VIIRS,n,2,282.74,1.57,N,0
18.68231,73.03738,306.55,0.5,0.41,2024-10-05,2100,N,VIIRS,n,2,294.62,1.94,N,2
18.68263,73.03964,306.12,0.5,0.41,2024-10-05,2100,N,VIIRS,n,2,294.44,2.77,N,2
18.68397,73.02794,307.23,0.5,0.41,2024-10-05,2100,N,VIIRS,n,2,294.42,2.32,N,2
18.68435,73.03022,314.78,0.5,0.41,2024-10-05,2100,N,VIIRS,n,2,294.58,2.74,N,2
18.6901,73.04112,306.45,0.5,0.41,2024-10-05,2100,N,VIIRS,n,2,294.04,2.76,N,2
18.69183,73.84087,308.54,0.55,0.43,2024-10-05,2100,N,VIIRS,n,2,291.47,1.23,N,0
18.69384,73.04185,319.4,0.5,0.41,2024-10-05,2100,N,VIIRS,n,2,295.33,3.0,N,2
18.72279,79.53642,302.96,0.42,0.61,2024-10-05,2100,N,VIIRS,n,2,286.81,1.14,N,2
19.17645,70.94538,306.77,0.41,0.37,2024-10-05,2100,N,VIIRS,n,2,293.16,2.97,N,3
19.27865,71.4248,308.89,0.42,0.38,2024-10-05,2100,N,VIIRS,n,2,294.14,2.7,N,3
19.37038,71.35474,317.15,0.42,0.38,2024-10-05,2100,N,VIIRS,n,2,293.25,3.15,N,3
14.99256,76.84983,302.1,0.33,0.55,2024-10-05,2101,N,VIIRS,n,2,283.54,0.67,N,0
15.01456,76.89922,299.63,0.33,0.55,2024-10-05,2101,N,VIIRS,n,2,280.37,0.37,N,0
15.15366,76.71114,301.7,0.32,0.55,2024-10-05,2101,N,VIIRS,n,2,283.26,0.77,N,2
15.17451,76.65696,304.42,0.32,0.54,2024-10-05,2101,N,VIIRS,n,2,283.77,3.55,N,2
15.17516,76.65323,305.8,0.64,0.54,2024-10-05,2101,N,VIIRS,n,2,283.1,4.84,N,2
15.17536,76.65252,303.45,0.64,0.54,2024-10-05,2101,N,VIIRS,n,2,282.4,2.0,N,2
15.17805,76.66467,309.11,0.32,0.54,2024-10-05,2101,N,VIIRS,n,2,284.41,3.95,N,2
15.17833,76.66399,304.83,0.32,0.54,2024-10-05,2101,N,VIIRS,n,2,284.19,2.4,N,2
15.17947,76.65807,309.33,0.32,0.54,2024-10-05,2101,N,VIIRS,n,2,283.98,4.09,N,2
15.18023,77.10512,297.2,0.34,0.56,2024-10-05,2101,N,VIIRS,n,2,277.68,1.15,N,2
15.18302,76.66576,304.15,0.32,0.54,2024-10-05,2101,N,VIIRS,n,2,284.05,1.93,N,2
15.33389,76.2877,299.84,0.6,0.53,2024-10-05,2101,N,VIIRS,n,2,281.05,0.84,N,2
